Company,HQ Location,Constellation,Sat Name,ID,Sensor Moda,Update,Pan,VNIR 400-1K nm,,,LWIR 8K-12K nm,Video,Multi-Sensor,1st Satellite Launch,Full Constellation Revisit Rate,Spectral Range (nm) VNIR,# of Planned,Spatial Resolution (m),Band Width (nm),Spectral Range,# of HSI Bands,X-Band,C-Band,S-Band,L-Band,TBD-Band,Band,Band Width (nm) SWIR,Band Width (nm) MWIR,Band Width (nm) LWIR,Spectral Range (nm) VNIR,,,,,,,,,
LatConnect,Australia,LatConnect60,,,EO,,0.5m<=x<=1m,1m<x<=5m,,,,,1,2022,< 23 hours,,16,,,,,,,,,,,,,,,,,,,,,,,
SATLANTIS,US/Spain,SATLANTIS,,,EO,,0.5m<=x<=1m,0.5m<=x<=1m,,,,,0,2022,TBD,,TBD,,,,,,,,,,,,,,,,,,,,,,,
Zhuhai,China,"Zhuhai-1 (OIS, OVS)",,,EO,,0.5m<=x<=1m,,,,5m<x<=30m,0.5m<=x<=1m,0,2018,< 23 hours,,22,,,,,,,,,,,,,,,,,,,,,,,
Canon,Japan,CE-SAT,,,EO,,,0.5m<=x<=1m,,,,0.5m<=x<=1m,0,2017,TBD,,100,,,,,,,,,,,,,,,,,,,,,,,
Theia,US,THEIA Satellite Network (TSN),,,EO,,,0.5m<=x<=1m,,,,0.5m<=x<=1m,0,TBD,< 1 min,,112,,,,,,,,,,,,,,,,,,,,,,,
Skeyeon,US,NEO,,,EO,,0.5m<=x<=1m,,,,,,0,2022,TBD,,100,,,,,,,,,,,,,,,,,,,,,,,
Inovor,Australia,Skyris,,,EO,,,0.5m<=x<=1m,,,,,0,TBD,TBD,,TBD,,,,,,,,,,,,,,,,,,,,,,,
EOS,US,EOS Sat,,,EO,,1m<x<=5m,1m<x<=5m,,,,,0,2022,< 24 hours,,7,,,,,,,,,,,,,,,,,,,,,,,
Sen,UK,EarthTV,,,EO,,,1m<x<=5m,,,,1m<x<=5m,0,2021,< 23 hours,,100,,,,,,,,,,,,,,,,,,,,,,,
PredaSAR,US,PredaSAR,,,SAR,,,,,,,,0,2022,TBD,,96,,,,,0.5m<=x<=1m,,,,,,,,,,,,,,,,,,
Spacety,China,MiniSAR,,,SAR,,,,,,,,0,2020,TBD,,56,,,,,0.5m<=x<=1m,0.5m<=x<=1m,,,,,,,,,,,,,,,,,
Synspective,Japan,StriX-a,,,SAR,,,,,,,,0,2020,< 23 hours,,30,,,,,1m<x<=5m,,,,,,,,,,,,,,,,,,
KSAT,Norway,MicroSAR,,,SAR,,,,,,,,1,2022,< 23 hours,,10,,,,,,1m<x<=5m,,,,,,,,,,,,,,,,,
Theia,US,THEIA Satellite Network (TSN),,,SAR,,,,,,,,1,TBD,< 1 minute,,52,,,,,,,,TBD,,,,,,,,,,,,,,,
Shandong Institutes of Industrial Tech,China,Qilu-1,,,SAR,,,,,,,,0,2021,TBD,,TBD,,,,,TBD,TBD,,,,,,,,,,,,,,,,,
Qiansheng,China,Qiansheng,,,SAR,,,,,,,,1,2019,< 23 hours,,20,,,,,,,,,TBD,,,,,,,,,,,,,,
Space View Technology,China,SuperView SAR,,,SAR,,,,,,,,0,TBD,TBD,,4,,,,,,,,,TBD,,,,,,,,,,,,,,
Zhuhai,China,Zhuhai OHS,,,HSI,,,,,,,,0,2018,< 23 hours,,10,5m<x<=30m,2.5,400-1000,32,,,,,,,,,,,,,,,,,,,
Roscosmos,Russia,Resurs-P,,,HSI,,,,,,,,1,2013,< 3 weeks,,5,5m<x<=30m,10-May,400-1100,216,,,,,,,,,,,,,,,,,,,
Orbital Sidekick,US,ISS HEIST,,,HSI,,,,,,,,0,2018,< 6 days,,1,5m<x<=30m,4,400-1000,150,,,,,,,,,,,,,,,,,,,
Teledyne Brown,US,DESIS,,,HSI,,,,,,,,0,2018,< 6 days,,1,5m<x<=30m,3.5,400-1000,235,,,,,,,,,,,,,,,,,,,
GOMSpace,Denmark,GOMX,,,HSI,,,,,,,,1,2018,< 6 days,,2,>30m,16,400-1000,45,,,,,,,,,,,,,,,,,,,
Theia,US,THEIA Satellite Network (TSN),,,HSI,,,,,,,,1,TBD,< 1 minute,,52,0.5m<=x<=1m,TBD,TBD,TBD,,,,,,,,,,,,,,,,,,,
SpaceFab,US,ViewPoint,,,HSI,,,,,,,,1,2022,TBD,,24,1m<x<=5m,<10,470-900,>150,,,,,,,,,,,,,,,,,,,
Pixxel,India/US,Pixxel (Anand),,,HSI,,,,,,,,0,2021,< 24 hours,,30,1m<x<=5m,TBD,400-3000,300,,,,,,,,,,,,,,,,,,,
HySpecIQ LLC,US,HySpecIQ,,,HSI,,,,,,,,0,2023,TBD,,12,1m<x<=5m,TBD,TBD,105,,,,,,,,,,,,,,,,,,,
HyperSat LLC,US,HyperSat,,,HSI,,,,,,,,0,2023,TBD,,6,5m<x<=30m,TBD,400-12000,500,,,,,,,,,,,,,,,,,,,
Orbital Sidekick,US,GHOSt,,,HSI,,,,,,,,0,2022,< 24 hours,,6,5m<x<=30m,TBD,400-2500,512,,,,,,,,,,,,,,,,,,,
Planet/JPL,US,Carbon Mapper,,,HSI,,,,,,,,0,2023,< 24 hours,,TBD,5m<x<=30m,5,400-2500,500,,,,,,,,,,,,,,,,,,,
SpaceBel,Belgium,ScanWorld,,,HSI,,,,,,,,0,2024,TBD,,10,5m<x<=30m,TBD,500-2500,TBD,,,,,,,,,,,,,,,,,,,
"MethaneSAT, LLC",US,MethaneSAT,,,HSI,,,,,,,,0,2022,TBD,,TBD,> 30m,TBD,TBD,TBD,,,,,,,,,,,,,,,,,,,
DragonFly; Space JLTZ,South Africa/Mexico,HyperActive,,,HSI,,,,,,,,0,2022,TBD,,TBD,> 30m,TBD,TBD,148,,,,,,,,,,,,,,,,,,,
CAS,China,SPARK,,,HSI,,,,,,,,0,2016,< 3 weeks,,TBD,> 30m,5,420-1000,148,,,,,,,,,,,,,,,,,,,
SatRevolution,Poland,REC,,,HSI,,,,,,,,1,2019,< 60 minutes,,1024,TBD,TBD,TBD,600,,,,,,,,,,,,,,,,,,,
Qiansheng,China,Qiansheng,,,HSI,,,,,,,,1,2019,< 23 hours,,20,TBD,TBD,TBD,TBD,,,,,,,,,,,,,,,,,,,
SpaceView Technology,China,Superview HSI,,,HSI,,,,,,,,0,2022,< 23 hours,,TBD,TBD,TBD,TBD,TBD,,,,,,,,,,,,,,,,,,,
Wyvern,Canada,DragonEye,,,HSI,,,,,,,,0,2022,TBD,,3,TBD,TBD,TBD,TBD,,,,,,,,,,,,,,,,,,,
Virgin Orbit,US,Virgin Orbit Constellation,,,HSI,Discovered,,,,,,,0,2023,TBD,,TBD,TBD,TBD,TBD,TBD,,,,,,,,,,,,,,AIS,,,,,
exactEarth (Spire Global),Canada/US,exactView Real Time,,,RF,,,,,,,,0,2016,< 60 minutes,,58,,,,,,,,,,,,,,,,,,AIS,,,,,
ORBCOMM,US,OG2,,,RF,,,,,,,,0,2012,< 60 minutes,,11,,,,,,,,,,,,,,,,,,ADS-B,,,,,
Aireon,Canada/US,Iridium,,,RF,,,,,,,,0,2017,< 60 minutes,,66,,,,,,,,,,,,,,,,,,AIS,,,,,
Myriota,Canada/US,exactView Gen 1,,,RF,,,,,,,,0,2008,< 24 hours,,4,,,,,,,,,,,,,,,,,,AIS,,,,,
Roscosmos,Russia,Resurs-P,,,RF,,,,,,,,1,2013,< 6 days,,5,,,,,,,,,,,,,,,,,,AIS,,,,,
Canadian Space Agency,Canada,RCM,,,RF,,,,,,,,1,2019,< 6 days,,3,,,,,,,,,,,,,,,,,,AIS,,,,,
GOMSpace,Denmark,GOMX,,,RF,,,,,,,,1,2018,< 6 days,,2,,,,,,,,,,,,,,,,,,AIS,,,,,
SI Imaging Services,South Korea,"KOMPSAT-5, KOMPSAT-6",,,RF,,,,,,,,1,2020,< 3 weeks,,2,,,,,,,,,,,,,,,,,,AIS,,,,,
SSTL,UK,NovaSAR,,,RF,,,,,,,,1,2018,< 3 weeks,,1,,,,,,,,,,,,,,,,,,RF,,,,,
Technion,Israel,ADELIS-SAMPSON,,,RF,,,,,,,,0,2020,TBD,,3,,,,,,,,,,,,,,,,,,AIS/ADS-B,,,,,
HEAD Aerospace,China,Skywalker,,,RF,,,,,,,,0,2017,< 60 minutes,,48,,,,,,,,,,,,,,,,,,AID/ADS-B,,,,,
OHB Italia,Italy,EAGLET,,,RF,,,,,,,,1,2018,< 60 minutes,,57,,,,,,,,,,,,,,,,,,AIS,,,,,
KSAT,Norway,MicroSAR,,,RF,,,,,,,,1,2022,< 23 hours,,10,,,,,,,,,,,,,,,,,,RF,,,,,
LatConnect,Australia,LatConnect60,,,RF,,,,,,,,1,2022,< 23 hours,,16,,,,,,,,,,,,,,,,,,,<0.5m,<0.5m,<0.5m,<0.5m,<0.5m
HEO Robotics,Australia,Potoroo,,,SSA,,,,,,,,0,2022,TBD,,TBD,,,,,,,,,,,,,,,,,,,<0.5m,<0.5m,<0.5m,<0.5m,<0.5m
NorthStar Earth & Space,Canada,Skylark,,,SSA,,,,,,,,0,2023,TBD,,12,,,,,,,,,,,,,,,,,,,<0.5m,<0.5m,<0.5m,<0.5m,<0.5m
Guardian Space Technology Solutions,US,InsureSat,,,SSA,,,,,,,,0,TBD,TBD,,20,,,,,,,,,,,,,,,,,,,TBD,TBD,TBD,TBD,TBD
Austrian Space Forum (OeWF),Austria,Adler,,,SSA,,,,,,,,0,2021,TBD,,TBD,,,,,,,,,,,,,,,,,,,,,,,
NorthStar Earth & Space,Canada,Northstar,,,HSI,,,,,,,,0,2026,< 24 hours,,40,5m<x<=30m,TBD,TBD,400,,,,,,,,,,,,,,,,,,,
Kuva Space,Finland,Hello World,,,HSI,,,,,,,,0,2018,TBD,,36,5m<x<=30m,TBD,400-2500,50,,,,,,,,,,,,,,,,,,,
Bluefield,US,Methane Detection Microsatellites,,,HSI,,,,,,,,0,2022,TBD,,20,5m<x<=30m,TBD,TBD,TBD,,,,,,1.9,0.1,,,,1600-1700,,,,,,,,
GHGSat Inc,Canada,GHGSat,,,HSI,,,,,,,,0,2016,< 3 weeks,400-1000,10,5m<x<=30m,,,>325,,,,,,,,,,400-1000,,,,,,,,,
KP Labs,Poland,Intuition-1,,,HSI,,,,,,,,0,2022,TBD,,1,5m<x<=30m,TBD,470-900,150,,,,,,,,,,,,,,AIS,,,,,
Alpha Insights (Urthecast),Canada,SAR-XL,,,RF,,,,,,,,1,2022,< 23 hours,,8,,,,,,,,,,,,,,,,,,AIS,,,,,
Karten,Spain,KEOSat,,,RF,,,,,,,,1,2021,< 24 hours,,14,,,,,,,,,,,,,,,,,,ADS-B,,,,,
AISTech Space,Spain,DANU,,,RF,,,,,,,,0,2018,TBD,,98,,,,,,,,,,,,,,,,,,RF,,,,,
Aurora Insight,US,THEA Charlie Bravo,,,RF,,,,,,,,0,2018,TBD,,12,,,,,,,,,,,,,,,,,,ADS-B,,,,,
Acme AtronOmatic,US,TRSI-Sat,,,RF,,,,,,,,0,2019,TBD,,TBD,,,,,,,,,,,,,,,,,,RF,,,,,
Horizon Technologies,UK,AMBER,,,RF,,,,,,,,0,2021,TBD,,10,,,,,,,,,,,,,,,,,,VDES,,,,,
ORBCOMM,US,Next Gen VDES,,,RF,,,,,,,,0,2022,TBD,,100,,,,,,,,,,,,,,,,,,RF,,,,,
Kineis,France,Kineis Constellation,,,RF,,,,,,,,0,2023,TBD,,25,,,,,,,,,,,,,,,,,,AIS,,,,,
AISTech Space,Spain,HYDRA,,,RF,,,,,,,,1,2021,TBD,,22,,,,,,,,,,,,,,,,,,,<0.5m,<0.5m,<0.5m,<0.5m,<0.5m
SCOUT,US,Sat,,,SSA,,,,,,,,0,2021,TBD,,16,,,,,,,,,,,,,,,,,,,,,,,
KARI,South Korea,CAS500,,,EO,,0.5m<=x<=1m,1m<x<=5m,,,,,0,2021,<24 hours,,2,,,,,,,,,,,,,,,,,,,,,,,
CNSA,China,GaoFen EO,,,EO,,0.5m<=x<=1m,1m<x<=5m,,>30m,,>30m,0,2013,<24 hours,,TBD,,,,,,,,,,,,,,,,,,,,,,,
Airbus,France,Pleiades HR,,,EO,,0.5m<=x<=1m,1m<x<=5m,,,,,0,2011,<24 hours,,2,,,,,,,,,,,,,,,,,,,,,,,
21at; SSTL,China/UK,DMC-3 (TripleSat),,,EO,,0.5m<=x<=1m,1m<x<=5m,,,,,0,2015,<24 hours,,4,,,,,,,,,,,,,,,,,,,,,,,
ST Electronics,Singapore,TeLEOS-1,,,EO,,0.5m<=x<=1m,,,,,,0,2015,<24 hours,,1,,,,,,,,,,,,,,,,,,,,,,,
Deimos Imaging;Urthecast,Spain/Canada,Deimos Urthecast,,,EO,,0.5m<=x<=1m,1m<x<=5m,,,,,0,2009,<24 hours,,2,,,,,,,,,,,,,,,,,,,,,,,
Kazakhstan Gharysh Sapary,Kazkhstan,KazEOSat,,,EO,,0.5m<=x<=1m,1m<x<=5m,,,,,0,2014,<24 hours,,2,,,,,,,,,,,,,,,,,,,,,,,
Roscosmos,Russia,Resurs-P,,,EO,,0.5m<=x<=1m,1m<x<=5m,,,,,1,2013,<6 days,,5,,,,,,,,,,,,,,,,,,,,,,,
Airbus; Azercosmos,France/Azerbaijan,Spot (Azersky),,,EO,,1m<x<=5m,5m<x<=30m,,,,,0,2012,<24 hours,,2,,,,,,,,,,,,,,,,,,,,,,,
CNSA,China,ZiYuan,,,EO,,1m<x<=5m,5m<x<=30m,,,,,0,2012,<24 hours,,4,,,,,,,,,,,,,,,,,,,,,,,
Planet,US,Dove (Planetscope),,,EO,,,1m<x<=5m,,,,,0,2014,<24 hours,,180,,,,,,,,,,5,10,,,,,,,,,,,,
Planet,US,Dove (Planetscope),FLOCK 1C 1,40027,EO,,,1m<x<=5m,,,,,,19-Jun-14,<24 hours,,180,,,,,,,,,,5,10,,,,,,,,,,,,
Planet,US,Dove (Planetscope),FLOCK 1C 10,40023,EO,,,1m<x<=5m,,,,,,19-Jun-14,<24 hours,,180,,,,,,,,,,5,10,,,,,,,,,,,,
Planet,US,Dove (Planetscope),FLOCK 1C 11,40033,EO,,,1m<x<=5m,,,,,,19-Jun-14,<24 hours,,180,,,,,,,,,,5,10,,,,,,,,,,,,
Planet,US,Dove (Planetscope),FLOCK 1C 2,40029,EO,,,1m<x<=5m,,,,,,19-Jun-14,<24 hours,,180,,,,,,,,,,5,10,,,,,,,,,,,,
Planet,US,Dove (Planetscope),FLOCK 1C 3,40041,EO,,,1m<x<=5m,,,,,,19-Jun-14,<24 hours,,180,,,,,,,,,,5,10,,,,,,,,,,,,
Planet,US,Dove (Planetscope),FLOCK 1C 4,40031,EO,,,1m<x<=5m,,,,,,19-Jun-14,<24 hours,,180,,,,,,,,,,5,10,,,,,,,,,,,,
Planet,US,Dove (Planetscope),FLOCK 1C 5,40038,EO,,,1m<x<=5m,,,,,,19-Jun-14,<24 hours,,180,,,,,,,,,,5,10,,,,,,,,,,,,
Planet,US,Dove (Planetscope),FLOCK 1C 6,40036,EO,,,1m<x<=5m,,,,,,19-Jun-14,<24 hours,,180,,,,,,,,,,5,10,,,,,,,,,,,,
Planet,US,Dove (Planetscope),FLOCK 1C 7,40026,EO,,,1m<x<=5m,,,,,,19-Jun-14,<24 hours,,180,,,,,,,,,,5,10,,,,,,,,,,,,
Planet,US,Dove (Planetscope),FLOCK 1C 8,40040,EO,,,1m<x<=5m,,,,,,19-Jun-14,<24 hours,,180,,,,,,,,,,5,10,,,,,,,,,,,,
Planet,US,Dove (Planetscope),FLOCK 1C 9,40035,EO,,,1m<x<=5m,,,,,,19-Jun-14,<24 hours,,180,,,,,,,,,,5,10,,,,,,,,,,,,
Planet,US,Dove (Planetscope),FLOCK 2K 15,42890,EO,,,1m<x<=5m,,,,,,14-Jul-17,<24 hours,,180,,,,,,,,,,5,10,,,,,,,,,,,,
Planet,US,Dove (Planetscope),FLOCK 2K 18,42887,EO,,,1m<x<=5m,,,,,,14-Jul-17,<24 hours,,180,,,,,,,,,,5,10,,,,,,,,,,,,
Planet,US,Dove (Planetscope),FLOCK 2K 19,42886,EO,,,1m<x<=5m,,,,,,14-Jul-17,<24 hours,,180,,,,,,,,,,5,10,,,,,,,,,,,,
Planet,US,Dove (Planetscope),FLOCK 2K 28,42880,EO,,,1m<x<=5m,,,,,,14-Jul-17,<24 hours,,180,,,,,,,,,,5,10,,,,,,,,,,,,
Planet,US,Dove (Planetscope),FLOCK 2K 30,42872,EO,,,1m<x<=5m,,,,,,14-Jul-17,<24 hours,,180,,,,,,,,,,5,10,,,,,,,,,,,,
Planet,US,Dove (Planetscope),FLOCK 2K 32,42870,EO,,,1m<x<=5m,,,,,,14-Jul-17,<24 hours,,180,,,,,,,,,,5,10,,,,,,,,,,,,
Planet,US,Dove (Planetscope),FLOCK 2K 39,42866,EO,,,1m<x<=5m,,,,,,14-Jul-17,<24 hours,,180,,,,,,,,,,5,10,,,,,,,,,,,,
Planet,US,Dove (Planetscope),FLOCK 2K 40,42865,EO,,,1m<x<=5m,,,,,,14-Jul-17,<24 hours,,180,,,,,,,,,,5,10,,,,,,,,,,,,
Planet,US,Dove (Planetscope),FLOCK 2K 43,42874,EO,,,1m<x<=5m,,,,,,14-Jul-17,<24 hours,,180,,,,,,,,,,5,10,,,,,,,,,,,,
Planet,US,Dove (Planetscope),FLOCK 2P 1,41617,EO,,,1m<x<=5m,,,,,,22-Jun-16,<24 hours,,180,,,,,,,,,,5,10,,,,,,,,,,,,
Planet,US,Dove (Planetscope),FLOCK 2P 10,41612,EO,,,1m<x<=5m,,,,,,22-Jun-16,<24 hours,,180,,,,,,,,,,5,10,,,,,,,,,,,,
Planet,US,Dove (Planetscope),FLOCK 2P 11,41608,EO,,,1m<x<=5m,,,,,,22-Jun-16,<24 hours,,180,,,,,,,,,,5,10,,,,,,,,,,,,
Planet,US,Dove (Planetscope),FLOCK 2P 12,41614,EO,,,1m<x<=5m,,,,,,22-Jun-16,<24 hours,,180,,,,,,,,,,5,10,,,,,,,,,,,,
Planet,US,Dove (Planetscope),FLOCK 2P 2,41609,EO,,,1m<x<=5m,,,,,,22-Jun-16,<24 hours,,180,,,,,,,,,,5,10,,,,,,,,,,,,
Planet,US,Dove (Planetscope),FLOCK 2P 3,41618,EO,,,1m<x<=5m,,,,,,22-Jun-16,<24 hours,,180,,,,,,,,,,5,10,,,,,,,,,,,,
Planet,US,Dove (Planetscope),FLOCK 2P 4,41611,EO,,,1m<x<=5m,,,,,,22-Jun-16,<24 hours,,180,,,,,,,,,,5,10,,,,,,,,,,,,
Planet,US,Dove (Planetscope),FLOCK 2P 5,41616,EO,,,1m<x<=5m,,,,,,22-Jun-16,<24 hours,,180,,,,,,,,,,5,10,,,,,,,,,,,,
Planet,US,Dove (Planetscope),FLOCK 2P 6,41606,EO,,,1m<x<=5m,,,,,,22-Jun-16,<24 hours,,180,,,,,,,,,,5,10,,,,,,,,,,,,
Planet,US,Dove (Planetscope),FLOCK 2P 7,41615,EO,,,1m<x<=5m,,,,,,22-Jun-16,<24 hours,,180,,,,,,,,,,5,10,,,,,,,,,,,,
Planet,US,Dove (Planetscope),FLOCK 2P 8,41613,EO,,,1m<x<=5m,,,,,,22-Jun-16,<24 hours,,180,,,,,,,,,,5,10,,,,,,,,,,,,
Planet,US,Dove (Planetscope),FLOCK 2P 9,41610,EO,,,1m<x<=5m,,,,,,22-Jun-16,<24 hours,,180,,,,,,,,,,5,10,,,,,,,,,,,,
Planet,US,Dove (Planetscope),FLOCK 3K 1,43894,EO,,,1m<x<=5m,,,,,,27-Dec-18,<24 hours,,180,,,,,,,,,,5,10,,,,,,,,,,,,
Planet,US,Dove (Planetscope),FLOCK 3K 10,43905,EO,,,1m<x<=5m,,,,,,27-Dec-18,<24 hours,,180,,,,,,,,,,5,10,,,,,,,,,,,,
Planet,US,Dove (Planetscope),FLOCK 3K 11,43904,EO,,,1m<x<=5m,,,,,,27-Dec-18,<24 hours,,180,,,,,,,,,,5,10,,,,,,,,,,,,
Planet,US,Dove (Planetscope),FLOCK 3K 12,43903,EO,,,1m<x<=5m,,,,,,27-Dec-18,<24 hours,,180,,,,,,,,,,5,10,,,,,,,,,,,,
Planet,US,Dove (Planetscope),FLOCK 3K 2,43895,EO,,,1m<x<=5m,,,,,,27-Dec-18,<24 hours,,180,,,,,,,,,,5,10,,,,,,,,,,,,
Planet,US,Dove (Planetscope),FLOCK 3K 3,43892,EO,,,1m<x<=5m,,,,,,27-Dec-18,<24 hours,,180,,,,,,,,,,5,10,,,,,,,,,,,,
Planet,US,Dove (Planetscope),FLOCK 3K 4,43893,EO,,,1m<x<=5m,,,,,,27-Dec-18,<24 hours,,180,,,,,,,,,,5,10,,,,,,,,,,,,
Planet,US,Dove (Planetscope),FLOCK 3K 5,43899,EO,,,1m<x<=5m,,,,,,27-Dec-18,<24 hours,,180,,,,,,,,,,5,10,,,,,,,,,,,,
Planet,US,Dove (Planetscope),FLOCK 3K 6,43896,EO,,,1m<x<=5m,,,,,,27-Dec-18,<24 hours,,180,,,,,,,,,,5,10,,,,,,,,,,,,
Planet,US,Dove (Planetscope),FLOCK 3K 7,43902,EO,,,1m<x<=5m,,,,,,27-Dec-18,<24 hours,,180,,,,,,,,,,5,10,,,,,,,,,,,,
Planet,US,Dove (Planetscope),FLOCK 3K 8,43901,EO,,,1m<x<=5m,,,,,,27-Dec-18,<24 hours,,180,,,,,,,,,,5,10,,,,,,,,,,,,
Planet,US,Dove (Planetscope),FLOCK 3K 9,43906,EO,,,1m<x<=5m,,,,,,27-Dec-18,<24 hours,,180,,,,,,,,,,5,10,,,,,,,,,,,,
Planet,US,Dove (Planetscope),FLOCK 3M 1,42995,EO,,,1m<x<=5m,,,,,,31-Oct-17,<24 hours,,180,,,,,,,,,,5,10,,,,,,,,,,,,
Planet,US,Dove (Planetscope),FLOCK 3M 2,42998,EO,,,1m<x<=5m,,,,,,31-Oct-17,<24 hours,,180,,,,,,,,,,5,10,,,,,,,,,,,,
Planet,US,Dove (Planetscope),FLOCK 3M 3,42996,EO,,,1m<x<=5m,,,,,,31-Oct-17,<24 hours,,180,,,,,,,,,,5,10,,,,,,,,,,,,
Planet,US,Dove (Planetscope),FLOCK 3M 4,42997,EO,,,1m<x<=5m,,,,,,31-Oct-17,<24 hours,,180,,,,,,,,,,5,10,,,,,,,,,,,,
Planet,US,Dove (Planetscope),FLOCK 3P 1,41967,EO,,,1m<x<=5m,,,,,,15-Feb-17,<24 hours,,180,,,,,,,,,,5,10,,,,,,,,,,,,
Planet,US,Dove (Planetscope),FLOCK 3P 10,41974,EO,,,1m<x<=5m,,,,,,15-Feb-17,<24 hours,,180,,,,,,,,,,5,10,,,,,,,,,,,,
Planet,US,Dove (Planetscope),FLOCK 3P 11,41975,EO,,,1m<x<=5m,,,,,,15-Feb-17,<24 hours,,180,,,,,,,,,,5,10,,,,,,,,,,,,
Planet,US,Dove (Planetscope),FLOCK 3P 12,41972,EO,,,1m<x<=5m,,,,,,15-Feb-17,<24 hours,,180,,,,,,,,,,5,10,,,,,,,,,,,,
Planet,US,Dove (Planetscope),FLOCK 3P 13,42040,EO,,,1m<x<=5m,,,,,,15-Feb-17,<24 hours,,180,,,,,,,,,,5,10,,,,,,,,,,,,
Planet,US,Dove (Planetscope),FLOCK 3P 14,42012,EO,,,1m<x<=5m,,,,,,15-Feb-17,<24 hours,,180,,,,,,,,,,5,10,,,,,,,,,,,,
Planet,US,Dove (Planetscope),FLOCK 3P 15,42039,EO,,,1m<x<=5m,,,,,,15-Feb-17,<24 hours,,180,,,,,,,,,,5,10,,,,,,,,,,,,
Planet,US,Dove (Planetscope),FLOCK 3P 16,42011,EO,,,1m<x<=5m,,,,,,15-Feb-17,<24 hours,,180,,,,,,,,,,5,10,,,,,,,,,,,,
Planet,US,Dove (Planetscope),FLOCK 3P 17,41962,EO,,,1m<x<=5m,,,,,,15-Feb-17,<24 hours,,180,,,,,,,,,,5,10,,,,,,,,,,,,
Planet,US,Dove (Planetscope),FLOCK 3P 18,41957,EO,,,1m<x<=5m,,,,,,15-Feb-17,<24 hours,,180,,,,,,,,,,5,10,,,,,,,,,,,,
Planet,US,Dove (Planetscope),FLOCK 3P 19,41955,EO,,,1m<x<=5m,,,,,,15-Feb-17,<24 hours,,180,,,,,,,,,,5,10,,,,,,,,,,,,
Planet,US,Dove (Planetscope),FLOCK 3P 2,41966,EO,,,1m<x<=5m,,,,,,15-Feb-17,<24 hours,,180,,,,,,,,,,5,10,,,,,,,,,,,,
Planet,US,Dove (Planetscope),FLOCK 3P 20,41950,EO,,,1m<x<=5m,,,,,,15-Feb-17,<24 hours,,180,,,,,,,,,,5,10,,,,,,,,,,,,
Planet,US,Dove (Planetscope),FLOCK 3P 21,41959,EO,,,1m<x<=5m,,,,,,15-Feb-17,<24 hours,,180,,,,,,,,,,5,10,,,,,,,,,,,,
Planet,US,Dove (Planetscope),FLOCK 3P 22,41958,EO,,,1m<x<=5m,,,,,,15-Feb-17,<24 hours,,180,,,,,,,,,,5,10,,,,,,,,,,,,
Planet,US,Dove (Planetscope),FLOCK 3P 23,42018,EO,,,1m<x<=5m,,,,,,15-Feb-17,<24 hours,,180,,,,,,,,,,5,10,,,,,,,,,,,,
Planet,US,Dove (Planetscope),FLOCK 3P 24,41956,EO,,,1m<x<=5m,,,,,,15-Feb-17,<24 hours,,180,,,,,,,,,,5,10,,,,,,,,,,,,
Planet,US,Dove (Planetscope),FLOCK 3P 25,41964,EO,,,1m<x<=5m,,,,,,15-Feb-17,<24 hours,,180,,,,,,,,,,5,10,,,,,,,,,,,,
Planet,US,Dove (Planetscope),FLOCK 3P 26,41961,EO,,,1m<x<=5m,,,,,,15-Feb-17,<24 hours,,180,,,,,,,,,,5,10,,,,,,,,,,,,
Planet,US,Dove (Planetscope),FLOCK 3P 27,41963,EO,,,1m<x<=5m,,,,,,15-Feb-17,<24 hours,,180,,,,,,,,,,5,10,,,,,,,,,,,,
Planet,US,Dove (Planetscope),FLOCK 3P 28,41960,EO,,,1m<x<=5m,,,,,,15-Feb-17,<24 hours,,180,,,,,,,,,,5,10,,,,,,,,,,,,
Planet,US,Dove (Planetscope),FLOCK 3P 29,42045,EO,,,1m<x<=5m,,,,,,15-Feb-17,<24 hours,,180,,,,,,,,,,5,10,,,,,,,,,,,,
Planet,US,Dove (Planetscope),FLOCK 3P 3,41968,EO,,,1m<x<=5m,,,,,,15-Feb-17,<24 hours,,180,,,,,,,,,,5,10,,,,,,,,,,,,
Planet,US,Dove (Planetscope),FLOCK 3P 30,41987,EO,,,1m<x<=5m,,,,,,15-Feb-17,<24 hours,,180,,,,,,,,,,5,10,,,,,,,,,,,,
Planet,US,Dove (Planetscope),FLOCK 3P 31,42049,EO,,,1m<x<=5m,,,,,,15-Feb-17,<24 hours,,180,,,,,,,,,,5,10,,,,,,,,,,,,
Planet,US,Dove (Planetscope),FLOCK 3P 32,42023,EO,,,1m<x<=5m,,,,,,15-Feb-17,<24 hours,,180,,,,,,,,,,5,10,,,,,,,,,,,,
Planet,US,Dove (Planetscope),FLOCK 3P 33,41990,EO,,,1m<x<=5m,,,,,,15-Feb-17,<24 hours,,180,,,,,,,,,,5,10,,,,,,,,,,,,
Planet,US,Dove (Planetscope),FLOCK 3P 34,41988,EO,,,1m<x<=5m,,,,,,15-Feb-17,<24 hours,,180,,,,,,,,,,5,10,,,,,,,,,,,,
Planet,US,Dove (Planetscope),FLOCK 3P 35,41989,EO,,,1m<x<=5m,,,,,,15-Feb-17,<24 hours,,180,,,,,,,,,,5,10,,,,,,,,,,,,
Planet,US,Dove (Planetscope),FLOCK 3P 36,41986,EO,,,1m<x<=5m,,,,,,15-Feb-17,<24 hours,,180,,,,,,,,,,5,10,,,,,,,,,,,,
Planet,US,Dove (Planetscope),FLOCK 3P 37,41953,EO,,,1m<x<=5m,,,,,,15-Feb-17,<24 hours,,180,,,,,,,,,,5,10,,,,,,,,,,,,
Planet,US,Dove (Planetscope),FLOCK 3P 38,42037,EO,,,1m<x<=5m,,,,,,15-Feb-17,<24 hours,,180,,,,,,,,,,5,10,,,,,,,,,,,,
Planet,US,Dove (Planetscope),FLOCK 3P 39,42038,EO,,,1m<x<=5m,,,,,,15-Feb-17,<24 hours,,180,,,,,,,,,,5,10,,,,,,,,,,,,
Planet,US,Dove (Planetscope),FLOCK 3P 4,41965,EO,,,1m<x<=5m,,,,,,15-Feb-17,<24 hours,,180,,,,,,,,,,5,10,,,,,,,,,,,,
Planet,US,Dove (Planetscope),FLOCK 3P 40,42010,EO,,,1m<x<=5m,,,,,,15-Feb-17,<24 hours,,180,,,,,,,,,,5,10,,,,,,,,,,,,
Planet,US,Dove (Planetscope),FLOCK 3P 41,42004,EO,,,1m<x<=5m,,,,,,15-Feb-17,<24 hours,,180,,,,,,,,,,5,10,,,,,,,,,,,,
Planet,US,Dove (Planetscope),FLOCK 3P 42,42008,EO,,,1m<x<=5m,,,,,,15-Feb-17,<24 hours,,180,,,,,,,,,,5,10,,,,,,,,,,,,
Planet,US,Dove (Planetscope),FLOCK 3P 43,42007,EO,,,1m<x<=5m,,,,,,15-Feb-17,<24 hours,,180,,,,,,,,,,5,10,,,,,,,,,,,,
Planet,US,Dove (Planetscope),FLOCK 3P 44,42033,EO,,,1m<x<=5m,,,,,,15-Feb-17,<24 hours,,180,,,,,,,,,,5,10,,,,,,,,,,,,
Planet,US,Dove (Planetscope),FLOCK 3P 45,42005,EO,,,1m<x<=5m,,,,,,15-Feb-17,<24 hours,,180,,,,,,,,,,5,10,,,,,,,,,,,,
Planet,US,Dove (Planetscope),FLOCK 3P 46,42031,EO,,,1m<x<=5m,,,,,,15-Feb-17,<24 hours,,180,,,,,,,,,,5,10,,,,,,,,,,,,
Planet,US,Dove (Planetscope),FLOCK 3P 47,42032,EO,,,1m<x<=5m,,,,,,15-Feb-17,<24 hours,,180,,,,,,,,,,5,10,,,,,,,,,,,,
Planet,US,Dove (Planetscope),FLOCK 3P 48,42006,EO,,,1m<x<=5m,,,,,,15-Feb-17,<24 hours,,180,,,,,,,,,,5,10,,,,,,,,,,,,
Planet,US,Dove (Planetscope),FLOCK 3P 49,42001,EO,,,1m<x<=5m,,,,,,15-Feb-17,<24 hours,,180,,,,,,,,,,5,10,,,,,,,,,,,,
Planet,US,Dove (Planetscope),FLOCK 3P 5,41971,EO,,,1m<x<=5m,,,,,,15-Feb-17,<24 hours,,180,,,,,,,,,,5,10,,,,,,,,,,,,
Planet,US,Dove (Planetscope),FLOCK 3P 50,42029,EO,,,1m<x<=5m,,,,,,15-Feb-17,<24 hours,,180,,,,,,,,,,5,10,,,,,,,,,,,,
Planet,US,Dove (Planetscope),FLOCK 3P 51,41952,EO,,,1m<x<=5m,,,,,,15-Feb-17,<24 hours,,180,,,,,,,,,,5,10,,,,,,,,,,,,
Planet,US,Dove (Planetscope),FLOCK 3P 52,42030,EO,,,1m<x<=5m,,,,,,15-Feb-17,<24 hours,,180,,,,,,,,,,5,10,,,,,,,,,,,,
Planet,US,Dove (Planetscope),FLOCK 3P 53,42013,EO,,,1m<x<=5m,,,,,,15-Feb-17,<24 hours,,180,,,,,,,,,,5,10,,,,,,,,,,,,
Planet,US,Dove (Planetscope),FLOCK 3P 54,42014,EO,,,1m<x<=5m,,,,,,15-Feb-17,<24 hours,,180,,,,,,,,,,5,10,,,,,,,,,,,,
Planet,US,Dove (Planetscope),FLOCK 3P 55,42041,EO,,,1m<x<=5m,,,,,,15-Feb-17,<24 hours,,180,,,,,,,,,,5,10,,,,,,,,,,,,
Planet,US,Dove (Planetscope),FLOCK 3P 56,42042,EO,,,1m<x<=5m,,,,,,15-Feb-17,<24 hours,,180,,,,,,,,,,5,10,,,,,,,,,,,,
Planet,US,Dove (Planetscope),FLOCK 3P 57,41978,EO,,,1m<x<=5m,,,,,,15-Feb-17,<24 hours,,180,,,,,,,,,,5,10,,,,,,,,,,,,
Planet,US,Dove (Planetscope),FLOCK 3P 58,41977,EO,,,1m<x<=5m,,,,,,15-Feb-17,<24 hours,,180,,,,,,,,,,5,10,,,,,,,,,,,,
Planet,US,Dove (Planetscope),FLOCK 3P 59,42022,EO,,,1m<x<=5m,,,,,,15-Feb-17,<24 hours,,180,,,,,,,,,,5,10,,,,,,,,,,,,
Planet,US,Dove (Planetscope),FLOCK 3P 6,41969,EO,,,1m<x<=5m,,,,,,15-Feb-17,<24 hours,,180,,,,,,,,,,5,10,,,,,,,,,,,,
Planet,US,Dove (Planetscope),FLOCK 3P 60,41976,EO,,,1m<x<=5m,,,,,,15-Feb-17,<24 hours,,180,,,,,,,,,,5,10,,,,,,,,,,,,
Planet,US,Dove (Planetscope),FLOCK 3P 61,42009,EO,,,1m<x<=5m,,,,,,15-Feb-17,<24 hours,,180,,,,,,,,,,5,10,,,,,,,,,,,,
Planet,US,Dove (Planetscope),FLOCK 3P 62,42036,EO,,,1m<x<=5m,,,,,,15-Feb-17,<24 hours,,180,,,,,,,,,,5,10,,,,,,,,,,,,
Planet,US,Dove (Planetscope),FLOCK 3P 63,42035,EO,,,1m<x<=5m,,,,,,15-Feb-17,<24 hours,,180,,,,,,,,,,5,10,,,,,,,,,,,,
Planet,US,Dove (Planetscope),FLOCK 3P 64,42034,EO,,,1m<x<=5m,,,,,,15-Feb-17,<24 hours,,180,,,,,,,,,,5,10,,,,,,,,,,,,
Planet,US,Dove (Planetscope),FLOCK 3P 65,42028,EO,,,1m<x<=5m,,,,,,15-Feb-17,<24 hours,,180,,,,,,,,,,5,10,,,,,,,,,,,,
Planet,US,Dove (Planetscope),FLOCK 3P 66,42027,EO,,,1m<x<=5m,,,,,,15-Feb-17,<24 hours,,180,,,,,,,,,,5,10,,,,,,,,,,,,
Planet,US,Dove (Planetscope),FLOCK 3P 67,42002,EO,,,1m<x<=5m,,,,,,15-Feb-17,<24 hours,,180,,,,,,,,,,5,10,,,,,,,,,,,,
Planet,US,Dove (Planetscope),FLOCK 3P 68,42003,EO,,,1m<x<=5m,,,,,,15-Feb-17,<24 hours,,180,,,,,,,,,,5,10,,,,,,,,,,,,
Planet,US,Dove (Planetscope),FLOCK 3P 69,42020,EO,,,1m<x<=5m,,,,,,15-Feb-17,<24 hours,,180,,,,,,,,,,5,10,,,,,,,,,,,,
Planet,US,Dove (Planetscope),FLOCK 3P 7,41970,EO,,,1m<x<=5m,,,,,,15-Feb-17,<24 hours,,180,,,,,,,,,,5,10,,,,,,,,,,,,
Planet,US,Dove (Planetscope),FLOCK 3P 70,41980,EO,,,1m<x<=5m,,,,,,15-Feb-17,<24 hours,,180,,,,,,,,,,5,10,,,,,,,,,,,,
Planet,US,Dove (Planetscope),FLOCK 3P 71,42024,EO,,,1m<x<=5m,,,,,,15-Feb-17,<24 hours,,180,,,,,,,,,,5,10,,,,,,,,,,,,
Planet,US,Dove (Planetscope),FLOCK 3P 72,42051,EO,,,1m<x<=5m,,,,,,15-Feb-17,<24 hours,,180,,,,,,,,,,5,10,,,,,,,,,,,,
Planet,US,Dove (Planetscope),FLOCK 3P 73,41981,EO,,,1m<x<=5m,,,,,,15-Feb-17,<24 hours,,180,,,,,,,,,,5,10,,,,,,,,,,,,
Planet,US,Dove (Planetscope),FLOCK 3P 74,42048,EO,,,1m<x<=5m,,,,,,15-Feb-17,<24 hours,,180,,,,,,,,,,5,10,,,,,,,,,,,,
Planet,US,Dove (Planetscope),FLOCK 3P 75,41979,EO,,,1m<x<=5m,,,,,,15-Feb-17,<24 hours,,180,,,,,,,,,,5,10,,,,,,,,,,,,
Planet,US,Dove (Planetscope),FLOCK 3P 76,42019,EO,,,1m<x<=5m,,,,,,15-Feb-17,<24 hours,,180,,,,,,,,,,5,10,,,,,,,,,,,,
Planet,US,Dove (Planetscope),FLOCK 3P 77,42025,EO,,,1m<x<=5m,,,,,,15-Feb-17,<24 hours,,180,,,,,,,,,,5,10,,,,,,,,,,,,
Planet,US,Dove (Planetscope),FLOCK 3P 78,42047,EO,,,1m<x<=5m,,,,,,15-Feb-17,<24 hours,,180,,,,,,,,,,5,10,,,,,,,,,,,,
Planet,US,Dove (Planetscope),FLOCK 3P 79,41984,EO,,,1m<x<=5m,,,,,,15-Feb-17,<24 hours,,180,,,,,,,,,,5,10,,,,,,,,,,,,
Planet,US,Dove (Planetscope),FLOCK 3P 8,41951,EO,,,1m<x<=5m,,,,,,15-Feb-17,<24 hours,,180,,,,,,,,,,5,10,,,,,,,,,,,,
Planet,US,Dove (Planetscope),FLOCK 3P 80,42026,EO,,,1m<x<=5m,,,,,,15-Feb-17,<24 hours,,180,,,,,,,,,,5,10,,,,,,,,,,,,
Planet,US,Dove (Planetscope),FLOCK 3P 81,42043,EO,,,1m<x<=5m,,,,,,15-Feb-17,<24 hours,,180,,,,,,,,,,5,10,,,,,,,,,,,,
Planet,US,Dove (Planetscope),FLOCK 3P 82,42046,EO,,,1m<x<=5m,,,,,,15-Feb-17,<24 hours,,180,,,,,,,,,,5,10,,,,,,,,,,,,
Planet,US,Dove (Planetscope),FLOCK 3P 83,42050,EO,,,1m<x<=5m,,,,,,15-Feb-17,<24 hours,,180,,,,,,,,,,5,10,,,,,,,,,,,,
Planet,US,Dove (Planetscope),FLOCK 3P 84,42021,EO,,,1m<x<=5m,,,,,,15-Feb-17,<24 hours,,180,,,,,,,,,,5,10,,,,,,,,,,,,
Planet,US,Dove (Planetscope),FLOCK 3P 85,41983,EO,,,1m<x<=5m,,,,,,15-Feb-17,<24 hours,,180,,,,,,,,,,5,10,,,,,,,,,,,,
Planet,US,Dove (Planetscope),FLOCK 3P 86,41985,EO,,,1m<x<=5m,,,,,,15-Feb-17,<24 hours,,180,,,,,,,,,,5,10,,,,,,,,,,,,
Planet,US,Dove (Planetscope),FLOCK 3P 87,42044,EO,,,1m<x<=5m,,,,,,15-Feb-17,<24 hours,,180,,,,,,,,,,5,10,,,,,,,,,,,,
Planet,US,Dove (Planetscope),FLOCK 3P 88,41982,EO,,,1m<x<=5m,,,,,,15-Feb-17,<24 hours,,180,,,,,,,,,,5,10,,,,,,,,,,,,
Planet,US,Dove (Planetscope),FLOCK 3P 9,41973,EO,,,1m<x<=5m,,,,,,15-Feb-17,<24 hours,,180,,,,,,,,,,5,10,,,,,,,,,,,,
Planet,US,Dove (Planetscope),FLOCK 3PP 1,43121,EO,,,1m<x<=5m,,,,,,12-Jan-18,<24 hours,,180,,,,,,,,,,5,10,,,,,,,,,,,,
Planet,US,Dove (Planetscope),FLOCK 3PP 2,43120,EO,,,1m<x<=5m,,,,,,12-Jan-18,<24 hours,,180,,,,,,,,,,5,10,,,,,,,,,,,,
Planet,US,Dove (Planetscope),FLOCK 3PP 3,43119,EO,,,1m<x<=5m,,,,,,12-Jan-18,<24 hours,,180,,,,,,,,,,5,10,,,,,,,,,,,,
Planet,US,Dove (Planetscope),FLOCK 3PP 4,43122,EO,,,1m<x<=5m,,,,,,12-Jan-18,<24 hours,,180,,,,,,,,,,5,10,,,,,,,,,,,,
Planet,US,Dove (Planetscope),FLOCK 3R 1,43747,EO,,,1m<x<=5m,,,,,,29-Nov-18,<24 hours,,180,,,,,,,,,,5,10,,,,,,,,,,,,
Planet,US,Dove (Planetscope),FLOCK 3R 10,43740,EO,,,1m<x<=5m,,,,,,29-Nov-18,<24 hours,,180,,,,,,,,,,5,10,,,,,,,,,,,,
Planet,US,Dove (Planetscope),FLOCK 3R 11,43725,EO,,,1m<x<=5m,,,,,,29-Nov-18,<24 hours,,180,,,,,,,,,,5,10,,,,,,,,,,,,
Planet,US,Dove (Planetscope),FLOCK 3R 12,43724,EO,,,1m<x<=5m,,,,,,29-Nov-18,<24 hours,,180,,,,,,,,,,5,10,,,,,,,,,,,,
Planet,US,Dove (Planetscope),FLOCK 3R 13,43750,EO,,,1m<x<=5m,,,,,,29-Nov-18,<24 hours,,180,,,,,,,,,,5,10,,,,,,,,,,,,
Planet,US,Dove (Planetscope),FLOCK 3R 14,43749,EO,,,1m<x<=5m,,,,,,29-Nov-18,<24 hours,,180,,,,,,,,,,5,10,,,,,,,,,,,,
Planet,US,Dove (Planetscope),FLOCK 3R 15,43736,EO,,,1m<x<=5m,,,,,,29-Nov-18,<24 hours,,180,,,,,,,,,,5,10,,,,,,,,,,,,
Planet,US,Dove (Planetscope),FLOCK 3R 16,43735,EO,,,1m<x<=5m,,,,,,29-Nov-18,<24 hours,,180,,,,,,,,,,5,10,,,,,,,,,,,,
Planet,US,Dove (Planetscope),FLOCK 3R 2,43748,EO,,,1m<x<=5m,,,,,,29-Nov-18,<24 hours,,180,,,,,,,,,,5,10,,,,,,,,,,,,
Planet,US,Dove (Planetscope),FLOCK 3R 3,43734,EO,,,1m<x<=5m,,,,,,29-Nov-18,<24 hours,,180,,,,,,,,,,5,10,,,,,,,,,,,,
Planet,US,Dove (Planetscope),FLOCK 3R 4,43733,EO,,,1m<x<=5m,,,,,,29-Nov-18,<24 hours,,180,,,,,,,,,,5,10,,,,,,,,,,,,
Planet,US,Dove (Planetscope),FLOCK 3R 5,43726,EO,,,1m<x<=5m,,,,,,29-Nov-18,<24 hours,,180,,,,,,,,,,5,10,,,,,,,,,,,,
Planet,US,Dove (Planetscope),FLOCK 3R 6,43741,EO,,,1m<x<=5m,,,,,,29-Nov-18,<24 hours,,180,,,,,,,,,,5,10,,,,,,,,,,,,
Planet,US,Dove (Planetscope),FLOCK 3R 7,43742,EO,,,1m<x<=5m,,,,,,29-Nov-18,<24 hours,,180,,,,,,,,,,5,10,,,,,,,,,,,,
Planet,US,Dove (Planetscope),FLOCK 3R 8,43727,EO,,,1m<x<=5m,,,,,,29-Nov-18,<24 hours,,180,,,,,,,,,,5,10,,,,,,,,,,,,
Planet,US,Dove (Planetscope),FLOCK 3R 9,43723,EO,,,1m<x<=5m,,,,,,29-Nov-18,<24 hours,,180,,,,,,,,,,5,10,,,,,,,,,,,,
Planet,US,Dove (Planetscope),FLOCK 3S 1,43769,EO,,,1m<x<=5m,,,,,,3-Dec-18,<24 hours,,180,,,,,,,,,,5,10,,,,,,,,,,,,
Planet,US,Dove (Planetscope),FLOCK 3S 2,43821,EO,,,1m<x<=5m,,,,,,3-Dec-18,<24 hours,,180,,,,,,,,,,5,10,,,,,,,,,,,,
Planet,US,Dove (Planetscope),FLOCK 3S 3,43788,EO,,,1m<x<=5m,,,,,,3-Dec-18,<24 hours,,180,,,,,,,,,,5,10,,,,,,,,,,,,
Planet,US,Dove (Planetscope),FLOCK 4A 1,44079,EO,,,1m<x<=5m,,,,,,1-Apr-19,<24 hours,,180,,,,,,,,,,5,10,,,,,,,,,,,,
Planet,US,Dove (Planetscope),FLOCK 4A 10,44097,EO,,,1m<x<=5m,,,,,,1-Apr-19,<24 hours,,180,,,,,,,,,,5,10,,,,,,,,,,,,
Planet,US,Dove (Planetscope),FLOCK 4A 11,44096,EO,,,1m<x<=5m,,,,,,1-Apr-19,<24 hours,,180,,,,,,,,,,5,10,,,,,,,,,,,,
Planet,US,Dove (Planetscope),FLOCK 4A 12,44108,EO,,,1m<x<=5m,,,,,,1-Apr-19,<24 hours,,180,,,,,,,,,,5,10,,,,,,,,,,,,
Planet,US,Dove (Planetscope),FLOCK 4A 13,44102,EO,,,1m<x<=5m,,,,,,1-Apr-19,<24 hours,,180,,,,,,,,,,5,10,,,,,,,,,,,,
Planet,US,Dove (Planetscope),FLOCK 4A 14,44101,EO,,,1m<x<=5m,,,,,,1-Apr-19,<24 hours,,180,,,,,,,,,,5,10,,,,,,,,,,,,
Planet,US,Dove (Planetscope),FLOCK 4A 15,44100,EO,,,1m<x<=5m,,,,,,1-Apr-19,<24 hours,,180,,,,,,,,,,5,10,,,,,,,,,,,,
Planet,US,Dove (Planetscope),FLOCK 4A 16,44099,EO,,,1m<x<=5m,,,,,,1-Apr-19,<24 hours,,180,,,,,,,,,,5,10,,,,,,,,,,,,
Planet,US,Dove (Planetscope),FLOCK 4A 17,44088,EO,,,1m<x<=5m,,,,,,1-Apr-19,<24 hours,,180,,,,,,,,,,5,10,,,,,,,,,,,,
Planet,US,Dove (Planetscope),FLOCK 4A 18,44089,EO,,,1m<x<=5m,,,,,,1-Apr-19,<24 hours,,180,,,,,,,,,,5,10,,,,,,,,,,,,
Planet,US,Dove (Planetscope),FLOCK 4A 19,44090,EO,,,1m<x<=5m,,,,,,1-Apr-19,<24 hours,,180,,,,,,,,,,5,10,,,,,,,,,,,,
Planet,US,Dove (Planetscope),FLOCK 4A 2,44080,EO,,,1m<x<=5m,,,,,,1-Apr-19,<24 hours,,180,,,,,,,,,,5,10,,,,,,,,,,,,
Planet,US,Dove (Planetscope),FLOCK 4A 20,44091,EO,,,1m<x<=5m,,,,,,1-Apr-19,<24 hours,,180,,,,,,,,,,5,10,,,,,,,,,,,,
Planet,US,Dove (Planetscope),FLOCK 4A 3,44081,EO,,,1m<x<=5m,,,,,,1-Apr-19,<24 hours,,180,,,,,,,,,,5,10,,,,,,,,,,,,
Planet,US,Dove (Planetscope),FLOCK 4A 4,44082,EO,,,1m<x<=5m,,,,,,1-Apr-19,<24 hours,,180,,,,,,,,,,5,10,,,,,,,,,,,,
Planet,US,Dove (Planetscope),FLOCK 4A 5,44095,EO,,,1m<x<=5m,,,,,,1-Apr-19,<24 hours,,180,,,,,,,,,,5,10,,,,,,,,,,,,
Planet,US,Dove (Planetscope),FLOCK 4A 6,44094,EO,,,1m<x<=5m,,,,,,1-Apr-19,<24 hours,,180,,,,,,,,,,5,10,,,,,,,,,,,,
Planet,US,Dove (Planetscope),FLOCK 4A 7,44093,EO,,,1m<x<=5m,,,,,,1-Apr-19,<24 hours,,180,,,,,,,,,,5,10,,,,,,,,,,,,
Planet,US,Dove (Planetscope),FLOCK 4A 8,44092,EO,,,1m<x<=5m,,,,,,1-Apr-19,<24 hours,,180,,,,,,,,,,5,10,,,,,,,,,,,,
Planet,US,Dove (Planetscope),FLOCK 4A 9,44098,EO,,,1m<x<=5m,,,,,,1-Apr-19,<24 hours,,180,,,,,,,,,,5,10,,,,,,,,,,,,
Planet,US,Dove (Planetscope),FLOCK 4EP 1,46813,EO,,,1m<x<=5m,,,,,,28-Oct-20,<24 hours,,180,,,,,,,,,,5,10,,,,,,,,,,,,
Planet,US,Dove (Planetscope),FLOCK 4EP 2,46820,EO,,,1m<x<=5m,,,,,,28-Oct-20,<24 hours,,180,,,,,,,,,,5,10,,,,,,,,,,,,
Planet,US,Dove (Planetscope),FLOCK 4EP 3,46819,EO,,,1m<x<=5m,,,,,,28-Oct-20,<24 hours,,180,,,,,,,,,,5,10,,,,,,,,,,,,
Planet,US,Dove (Planetscope),FLOCK 4EP 4,46821,EO,,,1m<x<=5m,,,,,,28-Oct-20,<24 hours,,180,,,,,,,,,,5,10,,,,,,,,,,,,
Planet,US,Dove (Planetscope),FLOCK 4EP 5,46817,EO,,,1m<x<=5m,,,,,,28-Oct-20,<24 hours,,180,,,,,,,,,,5,10,,,,,,,,,,,,
Planet,US,Dove (Planetscope),FLOCK 4EP 6,46822,EO,,,1m<x<=5m,,,,,,28-Oct-20,<24 hours,,180,,,,,,,,,,5,10,,,,,,,,,,,,
Planet,US,Dove (Planetscope),FLOCK 4EP 7,46814,EO,,,1m<x<=5m,,,,,,28-Oct-20,<24 hours,,180,,,,,,,,,,5,10,,,,,,,,,,,,
Planet,US,Dove (Planetscope),FLOCK 4EP 8,46816,EO,,,1m<x<=5m,,,,,,28-Oct-20,<24 hours,,180,,,,,,,,,,5,10,,,,,,,,,,,,
Planet,US,Dove (Planetscope),FLOCK 4EP 9,46815,EO,,,1m<x<=5m,,,,,,28-Oct-20,<24 hours,,180,,,,,,,,,,5,10,,,,,,,,,,,,
Planet,US,Dove (Planetscope),FLOCK 4P 1,44814,EO,,,1m<x<=5m,,,,,,27-Nov-19,<24 hours,,180,,,,,,,,,,5,10,,,,,,,,,,,,
Planet,US,Dove (Planetscope),FLOCK 4P 10,44808,EO,,,1m<x<=5m,,,,,,27-Nov-19,<24 hours,,180,,,,,,,,,,5,10,,,,,,,,,,,,
Planet,US,Dove (Planetscope),FLOCK 4P 11,44809,EO,,,1m<x<=5m,,,,,,27-Nov-19,<24 hours,,180,,,,,,,,,,5,10,,,,,,,,,,,,
Planet,US,Dove (Planetscope),FLOCK 4P 12,44810,EO,,,1m<x<=5m,,,,,,27-Nov-19,<24 hours,,180,,,,,,,,,,5,10,,,,,,,,,,,,
Planet,US,Dove (Planetscope),FLOCK 4P 2,44813,EO,,,1m<x<=5m,,,,,,27-Nov-19,<24 hours,,180,,,,,,,,,,5,10,,,,,,,,,,,,
Planet,US,Dove (Planetscope),FLOCK 4P 3,44812,EO,,,1m<x<=5m,,,,,,27-Nov-19,<24 hours,,180,,,,,,,,,,5,10,,,,,,,,,,,,
Planet,US,Dove (Planetscope),FLOCK 4P 4,44811,EO,,,1m<x<=5m,,,,,,27-Nov-19,<24 hours,,180,,,,,,,,,,5,10,,,,,,,,,,,,
Planet,US,Dove (Planetscope),FLOCK 4P 5,44818,EO,,,1m<x<=5m,,,,,,27-Nov-19,<24 hours,,180,,,,,,,,,,5,10,,,,,,,,,,,,
Planet,US,Dove (Planetscope),FLOCK 4P 6,44817,EO,,,1m<x<=5m,,,,,,27-Nov-19,<24 hours,,180,,,,,,,,,,5,10,,,,,,,,,,,,
Planet,US,Dove (Planetscope),FLOCK 4P 7,44816,EO,,,1m<x<=5m,,,,,,27-Nov-19,<24 hours,,180,,,,,,,,,,5,10,,,,,,,,,,,,
Planet,US,Dove (Planetscope),FLOCK 4P 8,44815,EO,,,1m<x<=5m,,,,,,27-Nov-19,<24 hours,,180,,,,,,,,,,5,10,,,,,,,,,,,,
Planet,US,Dove (Planetscope),FLOCK 4P 9,44807,EO,,,1m<x<=5m,,,,,,27-Nov-19,<24 hours,,180,,,,,,,,,,5,10,,,,,,,,,,,,
Planet,US,Dove (Planetscope),FLOCK 4S 1,47543,EO,,,1m<x<=5m,,,,,,24-Jan-21,<24 hours,,180,,,,,,,,,,5,10,,,,,,,,,,,,
Planet,US,Dove (Planetscope),FLOCK 4S 10,47523,EO,,,1m<x<=5m,,,,,,24-Jan-21,<24 hours,,180,,,,,,,,,,5,10,,,,,,,,,,,,
Planet,US,Dove (Planetscope),FLOCK 4S 11,47462,EO,,,1m<x<=5m,,,,,,24-Jan-21,<24 hours,,180,,,,,,,,,,5,10,,,,,,,,,,,,
Planet,US,Dove (Planetscope),FLOCK 4S 12,47471,EO,,,1m<x<=5m,,,,,,24-Jan-21,<24 hours,,180,,,,,,,,,,5,10,,,,,,,,,,,,
Planet,US,Dove (Planetscope),FLOCK 4S 13,47472,EO,,,1m<x<=5m,,,,,,24-Jan-21,<24 hours,,180,,,,,,,,,,5,10,,,,,,,,,,,,
Planet,US,Dove (Planetscope),FLOCK 4S 14,47528,EO,,,1m<x<=5m,,,,,,24-Jan-21,<24 hours,,180,,,,,,,,,,5,10,,,,,,,,,,,,
Planet,US,Dove (Planetscope),FLOCK 4S 15,47521,EO,,,1m<x<=5m,,,,,,24-Jan-21,<24 hours,,180,,,,,,,,,,5,10,,,,,,,,,,,,
Planet,US,Dove (Planetscope),FLOCK 4S 16,47516,EO,,,1m<x<=5m,,,,,,24-Jan-21,<24 hours,,180,,,,,,,,,,5,10,,,,,,,,,,,,
Planet,US,Dove (Planetscope),FLOCK 4S 17,47492,EO,,,1m<x<=5m,,,,,,24-Jan-21,<24 hours,,180,,,,,,,,,,5,10,,,,,,,,,,,,
Planet,US,Dove (Planetscope),FLOCK 4S 18,47496,EO,,,1m<x<=5m,,,,,,24-Jan-21,<24 hours,,180,,,,,,,,,,5,10,,,,,,,,,,,,
Planet,US,Dove (Planetscope),FLOCK 4S 19,47500,EO,,,1m<x<=5m,,,,,,24-Jan-21,<24 hours,,180,,,,,,,,,,5,10,,,,,,,,,,,,
Planet,US,Dove (Planetscope),FLOCK 4S 2,47498,EO,,,1m<x<=5m,,,,,,24-Jan-21,<24 hours,,180,,,,,,,,,,5,10,,,,,,,,,,,,
Planet,US,Dove (Planetscope),FLOCK 4S 20,47540,EO,,,1m<x<=5m,,,,,,24-Jan-21,<24 hours,,180,,,,,,,,,,5,10,,,,,,,,,,,,
Planet,US,Dove (Planetscope),FLOCK 4S 21,47456,EO,,,1m<x<=5m,,,,,,24-Jan-21,<24 hours,,180,,,,,,,,,,5,10,,,,,,,,,,,,
Planet,US,Dove (Planetscope),FLOCK 4S 22,47452,EO,,,1m<x<=5m,,,,,,24-Jan-21,<24 hours,,180,,,,,,,,,,5,10,,,,,,,,,,,,
Planet,US,Dove (Planetscope),FLOCK 4S 23,47545,EO,,,1m<x<=5m,,,,,,24-Jan-21,<24 hours,,180,,,,,,,,,,5,10,,,,,,,,,,,,
Planet,US,Dove (Planetscope),FLOCK 4S 24,47539,EO,,,1m<x<=5m,,,,,,24-Jan-21,<24 hours,,180,,,,,,,,,,5,10,,,,,,,,,,,,
Planet,US,Dove (Planetscope),FLOCK 4S 25,47542,EO,,,1m<x<=5m,,,,,,24-Jan-21,<24 hours,,180,,,,,,,,,,5,10,,,,,,,,,,,,
Planet,US,Dove (Planetscope),FLOCK 4S 26,47497,EO,,,1m<x<=5m,,,,,,24-Jan-21,<24 hours,,180,,,,,,,,,,5,10,,,,,,,,,,,,
Planet,US,Dove (Planetscope),FLOCK 4S 27,47495,EO,,,1m<x<=5m,,,,,,24-Jan-21,<24 hours,,180,,,,,,,,,,5,10,,,,,,,,,,,,
Planet,US,Dove (Planetscope),FLOCK 4S 28,47514,EO,,,1m<x<=5m,,,,,,24-Jan-21,<24 hours,,180,,,,,,,,,,5,10,,,,,,,,,,,,
Planet,US,Dove (Planetscope),FLOCK 4S 29,47520,EO,,,1m<x<=5m,,,,,,24-Jan-21,<24 hours,,180,,,,,,,,,,5,10,,,,,,,,,,,,
Planet,US,Dove (Planetscope),FLOCK 4S 3,47494,EO,,,1m<x<=5m,,,,,,24-Jan-21,<24 hours,,180,,,,,,,,,,5,10,,,,,,,,,,,,
Planet,US,Dove (Planetscope),FLOCK 4S 30,47544,EO,,,1m<x<=5m,,,,,,24-Jan-21,<24 hours,,180,,,,,,,,,,5,10,,,,,,,,,,,,
Planet,US,Dove (Planetscope),FLOCK 4S 31,47475,EO,,,1m<x<=5m,,,,,,24-Jan-21,<24 hours,,180,,,,,,,,,,5,10,,,,,,,,,,,,
Planet,US,Dove (Planetscope),FLOCK 4S 32,47479,EO,,,1m<x<=5m,,,,,,24-Jan-21,<24 hours,,180,,,,,,,,,,5,10,,,,,,,,,,,,
Planet,US,Dove (Planetscope),FLOCK 4S 33,47469,EO,,,1m<x<=5m,,,,,,24-Jan-21,<24 hours,,180,,,,,,,,,,5,10,,,,,,,,,,,,
Planet,US,Dove (Planetscope),FLOCK 4S 34,47477,EO,,,1m<x<=5m,,,,,,24-Jan-21,<24 hours,,180,,,,,,,,,,5,10,,,,,,,,,,,,
Planet,US,Dove (Planetscope),FLOCK 4S 35,47473,EO,,,1m<x<=5m,,,,,,24-Jan-21,<24 hours,,180,,,,,,,,,,5,10,,,,,,,,,,,,
Planet,US,Dove (Planetscope),FLOCK 4S 36,47530,EO,,,1m<x<=5m,,,,,,24-Jan-21,<24 hours,,180,,,,,,,,,,5,10,,,,,,,,,,,,
Planet,US,Dove (Planetscope),FLOCK 4S 37,47522,EO,,,1m<x<=5m,,,,,,24-Jan-21,<24 hours,,180,,,,,,,,,,5,10,,,,,,,,,,,,
Planet,US,Dove (Planetscope),FLOCK 4S 38,47512,EO,,,1m<x<=5m,,,,,,24-Jan-21,<24 hours,,180,,,,,,,,,,5,10,,,,,,,,,,,,
Planet,US,Dove (Planetscope),FLOCK 4S 39,47490,EO,,,1m<x<=5m,,,,,,24-Jan-21,<24 hours,,180,,,,,,,,,,5,10,,,,,,,,,,,,
Planet,US,Dove (Planetscope),FLOCK 4S 4,47491,EO,,,1m<x<=5m,,,,,,24-Jan-21,<24 hours,,180,,,,,,,,,,5,10,,,,,,,,,,,,
Planet,US,Dove (Planetscope),FLOCK 4S 40,47499,EO,,,1m<x<=5m,,,,,,24-Jan-21,<24 hours,,180,,,,,,,,,,5,10,,,,,,,,,,,,
Planet,US,Dove (Planetscope),FLOCK 4S 41,47698,EO,,,1m<x<=5m,,,,,,24-Jan-21,<24 hours,,180,,,,,,,,,,5,10,,,,,,,,,,,,
Planet,US,Dove (Planetscope),FLOCK 4S 42,47612,EO,,,1m<x<=5m,,,,,,24-Jan-21,<24 hours,,180,,,,,,,,,,5,10,,,,,,,,,,,,
Planet,US,Dove (Planetscope),FLOCK 4S 43,47687,EO,,,1m<x<=5m,,,,,,24-Jan-21,<24 hours,,180,,,,,,,,,,5,10,,,,,,,,,,,,
Planet,US,Dove (Planetscope),FLOCK 4S 44,47686,EO,,,1m<x<=5m,,,,,,24-Jan-21,<24 hours,,180,,,,,,,,,,5,10,,,,,,,,,,,,
Planet,US,Dove (Planetscope),FLOCK 4S 45,47688,EO,,,1m<x<=5m,,,,,,24-Jan-21,<24 hours,,180,,,,,,,,,,5,10,,,,,,,,,,,,
Planet,US,Dove (Planetscope),FLOCK 4S 46,47684,EO,,,1m<x<=5m,,,,,,24-Jan-21,<24 hours,,180,,,,,,,,,,5,10,,,,,,,,,,,,
Planet,US,Dove (Planetscope),FLOCK 4S 47,47685,EO,,,1m<x<=5m,,,,,,24-Jan-21,<24 hours,,180,,,,,,,,,,5,10,,,,,,,,,,,,
Planet,US,Dove (Planetscope),FLOCK 4S 48,47617,EO,,,1m<x<=5m,,,,,,24-Jan-21,<24 hours,,180,,,,,,,,,,5,10,,,,,,,,,,,,
Planet,US,Dove (Planetscope),FLOCK 4S 5,47515,EO,,,1m<x<=5m,,,,,,24-Jan-21,<24 hours,,180,,,,,,,,,,5,10,,,,,,,,,,,,
Planet,US,Dove (Planetscope),FLOCK 4S 6,47518,EO,,,1m<x<=5m,,,,,,24-Jan-21,<24 hours,,180,,,,,,,,,,5,10,,,,,,,,,,,,
Planet,US,Dove (Planetscope),FLOCK 4S 7,47527,EO,,,1m<x<=5m,,,,,,24-Jan-21,<24 hours,,180,,,,,,,,,,5,10,,,,,,,,,,,,
Planet,US,Dove (Planetscope),FLOCK 4S 8,47474,EO,,,1m<x<=5m,,,,,,24-Jan-21,<24 hours,,180,,,,,,,,,,5,10,,,,,,,,,,,,
Planet,US,Dove (Planetscope),FLOCK 4S 9,47478,EO,,,1m<x<=5m,,,,,,24-Jan-21,<24 hours,,180,,,,,,,,,,5,10,,,,,,,,,,,,
Planet,US,Dove (Planetscope),FLOCK 4V 1,46313,EO,,,1m<x<=5m,,,,,,3-Sep-20,<24 hours,,180,,,,,,,,,,5,10,,,,,,,,,,,,
Planet,US,Dove (Planetscope),FLOCK 4V 10,46296,EO,,,1m<x<=5m,,,,,,3-Sep-20,<24 hours,,180,,,,,,,,,,5,10,,,,,,,,,,,,
Planet,US,Dove (Planetscope),FLOCK 4V 11,46285,EO,,,1m<x<=5m,,,,,,3-Sep-20,<24 hours,,180,,,,,,,,,,5,10,,,,,,,,,,,,
Planet,US,Dove (Planetscope),FLOCK 4V 12,46283,EO,,,1m<x<=5m,,,,,,3-Sep-20,<24 hours,,180,,,,,,,,,,5,10,,,,,,,,,,,,
Planet,US,Dove (Planetscope),FLOCK 4V 13,46297,EO,,,1m<x<=5m,,,,,,3-Sep-20,<24 hours,,180,,,,,,,,,,5,10,,,,,,,,,,,,
Planet,US,Dove (Planetscope),FLOCK 4V 14,46286,EO,,,1m<x<=5m,,,,,,3-Sep-20,<24 hours,,180,,,,,,,,,,5,10,,,,,,,,,,,,
Planet,US,Dove (Planetscope),FLOCK 4V 15,46528,EO,,,1m<x<=5m,,,,,,3-Sep-20,<24 hours,,180,,,,,,,,,,5,10,,,,,,,,,,,,
Planet,US,Dove (Planetscope),FLOCK 4V 16,46527,EO,,,1m<x<=5m,,,,,,3-Sep-20,<24 hours,,180,,,,,,,,,,5,10,,,,,,,,,,,,
Planet,US,Dove (Planetscope),FLOCK 4V 18,46597,EO,,,1m<x<=5m,,,,,,3-Sep-20,<24 hours,,180,,,,,,,,,,5,10,,,,,,,,,,,,
Planet,US,Dove (Planetscope),FLOCK 4V 19,46609,EO,,,1m<x<=5m,,,,,,3-Sep-20,<24 hours,,180,,,,,,,,,,5,10,,,,,,,,,,,,
Planet,US,Dove (Planetscope),FLOCK 4V 2,46321,EO,,,1m<x<=5m,,,,,,3-Sep-20,<24 hours,,180,,,,,,,,,,5,10,,,,,,,,,,,,
Planet,US,Dove (Planetscope),FLOCK 4V 22,46735,EO,,,1m<x<=5m,,,,,,3-Sep-20,<24 hours,,180,,,,,,,,,,5,10,,,,,,,,,,,,
Planet,US,Dove (Planetscope),FLOCK 4V 23,46737,EO,,,1m<x<=5m,,,,,,3-Sep-20,<24 hours,,180,,,,,,,,,,5,10,,,,,,,,,,,,
Planet,US,Dove (Planetscope),FLOCK 4V 25,46812,EO,,,1m<x<=5m,,,,,,3-Sep-20,<24 hours,,180,,,,,,,,,,5,10,,,,,,,,,,,,
Planet,US,Dove (Planetscope),FLOCK 4V 26,46825,EO,,,1m<x<=5m,,,,,,3-Sep-20,<24 hours,,180,,,,,,,,,,5,10,,,,,,,,,,,,
Planet,US,Dove (Planetscope),FLOCK 4V 3,46322,EO,,,1m<x<=5m,,,,,,3-Sep-20,<24 hours,,180,,,,,,,,,,5,10,,,,,,,,,,,,
Planet,US,Dove (Planetscope),FLOCK 4V 4,46314,EO,,,1m<x<=5m,,,,,,3-Sep-20,<24 hours,,180,,,,,,,,,,5,10,,,,,,,,,,,,
Planet,US,Dove (Planetscope),FLOCK 4V 5,46290,EO,,,1m<x<=5m,,,,,,3-Sep-20,<24 hours,,180,,,,,,,,,,5,10,,,,,,,,,,,,
Planet,US,Dove (Planetscope),FLOCK 4V 6,46289,EO,,,1m<x<=5m,,,,,,3-Sep-20,<24 hours,,180,,,,,,,,,,5,10,,,,,,,,,,,,
Planet,US,Dove (Planetscope),FLOCK 4V 7,46291,EO,,,1m<x<=5m,,,,,,3-Sep-20,<24 hours,,180,,,,,,,,,,5,10,,,,,,,,,,,,
Planet,US,Dove (Planetscope),FLOCK 4V 8,46288,EO,,,1m<x<=5m,,,,,,3-Sep-20,<24 hours,,180,,,,,,,,,,5,10,,,,,,,,,,,,
Planet,US,Dove (Planetscope),FLOCK 4V 9,46282,EO,,,1m<x<=5m,,,,,,3-Sep-20,<24 hours,,180,,,,,,,,,,5,10,,,,,,,,,,,,
Planet,US,Dove (Planetscope),FLOCK 4X 10,51037,EO,,,1m<x<=5m,,,,,,13-Jan-22,<24 hours,,180,,,,,,,,,,5,10,,,,,,,,,,,,
Planet,US,Dove (Planetscope),FLOCK 4X 21,51040,EO,,,1m<x<=5m,,,,,,13-Jan-22,<24 hours,,180,,,,,,,,,,5,10,,,,,,,,,,,,
Planet,US,Dove (Planetscope),FLOCK 4X 3,51006,EO,,,1m<x<=5m,,,,,,13-Jan-22,<24 hours,,180,,,,,,,,,,5,10,,,,,,,,,,,,
Planet,US,Dove (Planetscope),FLOCK 4X 37,51009,EO,,,1m<x<=5m,,,,,,13-Jan-22,<24 hours,,180,,,,,,,,,,5,10,,,,,,,,,,,,
CNSA,China,GaoFen EO &HSI,,,EO & HSI,1,5m<x<=30m,5m<x<=30m,5m<x<=30m,>30m,>30m,,1,2018,<6 days,,TBD,5m<x<=30m,,400-2500,320,,,,,,,,,,,,,,,,,,,
DMCii; SSTL,UK,UK DMC Gen 2,,,EO,,5m<x<=30m,,,,,,0,2009,TBD,,1,,,,,,,,,,,,,,,,,,,,,,,
Albedo,US,Albedo,,,EO,,<0.5m,<0.5m,,,1m<x<=5m,,0,2024,<23 hours,,,,,,,,,,,,,,,,,,,,,,,,,
Earth Observant (EOI),US,Earth Observant,,,EO,,,<0.5m,,,,,0,2022,<23 hours,,30,,,,,,,,,,,,,,,,,,,,,,,
Planet,US,Pelican,,,EO,,<0.5m,,,,,,0,2022,<23 hours,,TBD,,,,,,,,,,,,,,,,,,,,,,,
Maxar (DigitalGlobe),US,WorldView Legion,,,EO,,<0.5m,1m<x<=5m,,,,,0,2022,<23 hours,,6,,,,,,,,,,,,,,,,,,,,,,,
SpaceFab,US,ViewPoint,,,EO,,<0.5m,<0.5m,,,,,1,2022,TBD,,24,,,,,,,,,,,,,,,,,,,,,,,
Satrec,South Korea,SpaceEye T,,,EO,Discovered,<0.5m,1m<x<=5m,,,,,0,2024,TBD,,TBD,,,,,,,,,,,,,,,,,,,,,,,
Space View Technology,China,SuperView EO,,,EO,,<0.5m,1m<x<=5m,,,,TBD,0,2016,<23 hours,,20,,,,,,,,,,,,,,,,,,,,,,,
Astro Digital,US,LandMapper,,,EO,,,1m<x<=5m,,,,,0,2018,< 24 hours,,30,,,,,,,,,,,,,,,,,,,,,,,
Veoware Space,Belgium/UK,Veoware,,,EO,,<0.5m,TBD,,,,,0,2021,<24 hours,,TBD,,,,,,,,,,,,,,,,,,,,,,,
SatRevolution,Poland,REC,,,EO,,,0.5m<=x<=1m,,,,,1,2019,< 60 minutes,,1024,,,,,,,,,,,,,,,,,,,,,,,
Airbus,France,CO3D,,,EO,,0.5m<=x<=1m,,,,,,0,2023,< 23 hours,,20,,,,,,,,,,,,,,,,,,,,,,,
Qiansheng,China,Qiansheng,,,EO,,,0.5m<=x<=1m,,,,,1,2019,< 23 hours,,20,,,,,,,,,,,,,,,,,,,,,,,
Shandong Institutes of Industrial Tech,China,Qilu-4,,,EO,,0.5m<=x<=1m,,,,,,0,2021,TBD,,TBD,,,,,,,,,,,,,,,,,,,,,,,
Jihua Laboratory,China,Foshan 1,,,EO,,0.5m<=x<=1m,,,,,,0,2021,TBD,,TBD,,,,,,,,,,,,,,,,,,,,,,,
ADA Space,China,Xingshidai,,,EO,Discovered,,0.5m<=x<=1m,,,,,0,2021,TBD,,192,,,,,,,,,,,,,,,,,,,,,,,
Aerospacelab,Belgium,Aerospacelab,,,EO,,,0.5m<=x<=1m,,,,,0,2021,TBD,,20,,,,,,,,,,,,,,,,,,,,,,,
Earth - I,UK,Vivid-i,,,EO,,,0.5m<=x<=1m,,,,0.5m<=x<=1m,0,2018,< 23 hours,,15,,,,,,,,,,,,,,,,,,,,,,,
UAE; Airbus,UAE,FalconEye,,,EO,,0.5m<=x<=1m,TBD,,,,,0,2020,< 24 hours,,2,,,,,,,,,,,,,,,,,,,,,,,
ImageSat International (ISI),Israel,RUNNER-1/SPRINTER/KNIGHT,,,EO,,0.5m<=x<=1m,0.5m<=x<=1m,1m<x<=5m,,,0.5m<=x<=1m,0,TBD,TBD,,TBD,,,,,,,,,,,,,,,,,,,,,,,
AxelSpace,Japan,GRUS,,,EO,,1m<x<=5m,1m<x<=5m,,,,,0,2018,<24 hours,,50,,,,,,,,,,,,,,,,,,,,,,,
OHB Italia,Italy,EAGLET,,,EO,,1m<x<=5m,,,,,,1,2018,< 60 minutes,,57,,,,,,,,,,,,,,,,,,,,,,,
HKATG,China,Golden Bauhinia,,,EO,,,1m<x<=5m,,,,,0,2021,< 60 minutes,,165,,,,,,,,,,,,,,,,,,,,,,,
Karten,Spain,KEOSat,,,EO,,,1m<x<=5m,,,,,1,2021,< 24 hours,,14,,,,,,,,,,,,,,,,,,,,,,,
Satellite Vu,UK,Satellite Vu,,,EO,,,,,1m<x<=5m,,1m<x<=5m,0,2022,< 23 hours,,7,,,,,,,,,,,,,,,,,,,,,,,
SSTL,UK,DarkCarb,,,EO,,,,,1m<x<=5m,,1m<x<=5m,0,2021,TBD,,TBD,,,,,,,,,,,,,,,,,,,,,,,
ZeroG Lab,China,Magpie/Lingque,,,EO,,,1m<x<=5m,,,,,0,2019,< 60 minutes,,378,,,,,,,,,,,,,,,,,,,,,,,
AISTech Space,Spain,HYDRA,,,EO,,TBD,1m<x<=5m,5m<x<=30m,TBD,>30m,,1,2021,TBD,,22,,,,,,,,,,,,,,,,,,,,,,,
Simera Group; ISISpace,Switzerland/The Netherlands,MultiScape 100,,,EO,,,1m<x<=5m,,,,,0,TBD,TBD,,TBD,,,,,,,,,,,,,,,,,,,,,,,
Hancom InSpace,South Korea,Sejong-1,,,EO,Discovered,,1m<x<=5m,,,,,0,2022,< 23 hours,,9,,,,,,,,,,,,,,,,,,,,,,,
EarthDaily Analytics,Canada,EarthDaily,,,EO,,,1m<x<=5m,,,,,0,2023,< 24 hours,,,,,,,,,,,,,,,,,,,,,,,,,
SatRevolution,Poland,SOWA,,,EO,,,5m<x<=30m,,,,,0,2021,TBD,,TBD,,,,,,,,,,,,,,,,,,,,,,,
ConstellR,Germany,ConstellR,,,EO,,,,,,TBD,,0,TBD,< 23 hours,,TBD,,,,,,,,,,,,,,,,,,,,,,,
Live Earth Imaging,US,Live Earth,,,EO,,,TBD,,,0,TBD,0,TBD,< 1 minute,,3,,,,,,,,,,,,,,,,,,,,,,,
Koolock,US,Koolock,,,EO,,,,,,TBD,,0,TBD,< 23 hours,,TBD,,,,,,,,,,,,,,,,,,,,,,,
MinoSpace,China,Taijing-02-01,,,EO,,,TBD,,,,,0,2021,TBD,,TBD,,,,,,,,,,,,,,,,,,,,,,,
Hydrosat,US,Vanzyl-1,,,EO,,,,,,TBD,,0,2022,TBD,,16,,,,,,,,,,,,,,,,,,,,,,,
Airbus US,US,NEOInt,,,EO,,,TBD,,,,,0,TBD,TBD,,2,,,,,,,,,,,,,,,,,,,,,,,
Hera Systems,US,1HOPSat TD,,,EO,Status Changed,,0.5m<=x<=1m,,,,0.5m<=x<=1m,0,2019,TBD,,1,,,,,,,,,,,,,,,,,,,,,,,
Airbus,France/Germany/Spain,RADAR Constellation,,,SAR,,,,,,,,0,2019,< 24 hours,,3,,,,,<0.5m,,,,,,,,,,,,,,,,,,
eGEOS,Italy,Cosmo SkyMed 2nd Generation,,,SAR,,,,,,,,0,2019,< 23 hours,,4,,,,,<0.5m,,,,,,,,,,,,,,,,,,
SI Imaging Services,South Korea,0.5m<=x<=1m,,,SAR,,,,,,,,1,2006,< 3 weeks,,2,,,,,0.5m<=x<=1m,,,,,,,,,,,,,,,,,,
eGEOS,Italy,Cosmo SkyMed,,,SAR,,,,,,,,0,2007,< 24 hours,,4,,,,,0.5m<=x<=1m,,,,,,,,,,,,,,,,,,
CNSA,China,GaoFen SAR,,,SAR,1,,,,,,,0,2016,< 6 days,,TBD,,,,,,0.5m<=x<=1m,,,,,,,,,,,,,,,,,
MDA,Canada,RADARSat-2,,,SAR,,,,,,,,1,2007,< 6 days,,2,,,,,,0.5m<=x<=1m,,,,,,,,,,,,,,,,,
Canadian Space Agency,Canada,RCM,,,SAR,,,,,,,,1,2019,< 6 days,,3,,,,,,0.5m<=x<=1m,,,,,,,,,,,,,,,,,
JAXA,Japan,ALOS-2/PALSAR-2,,,SAR,,,,,,,,0,2014,< 3 weeks,,1,,,,,,,,0.5m<=x<=1m,,,,,,,,,,,,,,,
NEC,Japan,ASNARO-2,,,SAR,,,,,,,,0,2018,< 3 weeks,,1,,,,,0.5m<=x<=1m,,,,,,,,,,,,,,,,,,
SSTL,UK,NovaSAR,,,SAR,,,,,,,,1,2018,< 3 weeks,,1,,,,,,,5m<x<=30m,,,,,,,,,,,,,,,,
Airbus,France,Pleiades Neo,,,EO,"+1, Transitioned to Established",<0.5m,0.5m<=x<=1m,0,0,0,0.5m<=x<=1m,1,2016,<23 hours,,4,,,,,,,,,,,,,,,,,,,,,,,
Chang Guang,China,Jilin-1,,,EO,"+6, Trasitioned to Established",0.5m<=x<=1m,1m<x<=5m,0,0,0,1m<x<=5m,0,2015,<60 minutes,,138,,,,,,,,,,,,,,,,,,,,,,,
Satellogic,Uruguay,Aleph-1 (NuSat),,,EO&HSI,"+4, Trasitioned to Established",0,0,0,0,0,,1,2016,< 60 minutes,,300,5m<x<=30m,5,400-900,29,,,,,,,,,,,,,,,,,,,
Iceye,Finland,Iceye,Iceye-X1,43114,SAR,"+4, Transitioned to Established",0,0,0,0,0,,0,2018,< 23 hours,,18,,,,,<0.5m,,,,,,,,,,,,,,,,,,
Iceye,Finland,Iceye,Iceye-X11,48918,SAR,"+4, Transitioned to Established",0,0,0,0,0,,0,2018,< 23 hours,,19,,,,,<0.5m,,,,,,,,,,,,,,,,,,
Iceye,Finland,Iceye,Iceye-X12,48914,SAR,"+4, Transitioned to Established",0,0,0,0,0,,0,2018,< 23 hours,,20,,,,,<0.5m,,,,,,,,,,,,,,,,,,
Iceye,Finland,Iceye,Iceye-X13,48916,SAR,"+4, Transitioned to Established",0,0,0,0,0,,0,2018,< 23 hours,,21,,,,,<0.5m,,,,,,,,,,,,,,,,,,
Iceye,Finland,Iceye,Iceye-X14,51070,SAR,"+4, Transitioned to Established",0,0,0,0,0,,0,2018,< 23 hours,,22,,,,,<0.5m,,,,,,,,,,,,,,,,,,
Iceye,Finland,Iceye,Iceye-X16,51008,SAR,"+4, Transitioned to Established",0,0,0,0,0,,0,2018,< 23 hours,,24,,,,,<0.5m,,,,,,,,,,,,,,,,,,
Iceye,Finland,Iceye,Iceye-X2,43800,SAR,"+4, Transitioned to Established",0,0,0,0,0,,0,2018,< 23 hours,,25,,,,,<0.5m,,,,,,,,,,,,,,,,,,
Iceye,Finland,Iceye,Iceye-X3,44229,SAR,"+4, Transitioned to Established",0,0,0,0,0,,0,2018,< 23 hours,,26,,,,,<0.5m,,,,,,,,,,,,,,,,,,
Iceye,Finland,Iceye,Iceye-X4,44390,SAR,"+4, Transitioned to Established",0,0,0,0,0,,0,2018,< 23 hours,,21,,,,,<0.5m,,,,,,,,,,,,,,,,,,
Iceye,Finland,Iceye,Iceye-X5,44389,SAR,"+4, Transitioned to Established",0,0,0,0,0,,0,2018,< 23 hours,,22,,,,,<0.5m,,,,,,,,,,,,,,,,,,
Iceye,Finland,Iceye,Iceye-X6,46497,SAR,"+4, Transitioned to Established",0,0,0,0,0,,0,2018,< 23 hours,,23,,,,,<0.5m,,,,,,,,,,,,,,,,,,
Iceye,Finland,Iceye,Iceye-X7,46496,SAR,"+4, Transitioned to Established",0,0,0,0,0,,0,2018,< 23 hours,,24,,,,,<0.5m,,,,,,,,,,,,,,,,,,
Iceye,Finland,Iceye,Iceye-X8,47510,SAR,"+4, Transitioned to Established",0,0,0,0,0,,0,2018,< 23 hours,,25,,,,,<0.5m,,,,,,,,,,,,,,,,,,
Iceye,Finland,Iceye,Iceye-X9,47506,SAR,"+4, Transitioned to Established",0,0,0,0,0,,0,2018,< 23 hours,,26,,,,,<0.5m,,,,,,,,,,,,,,,,,,
Iceye,Finland,Iceye,Iceye-X15,48917,SAR,"+4, Transitioned to Established",0,0,0,0,0,,0,2018,< 23 hours,,19,,,,,<0.5m,,,,,,,,,,,,,,,,,,
Iceye,Finland,Iceye,Iceye-X17,52762,SAR,"+4, Transitioned to Established",0,0,0,0,0,,0,2018,< 23 hours,,20,,,,,<0.5m,,,,,,,,,,,,,,,,,,
Iceye,Finland,Iceye,Iceye-X14,51070,SAR,"+4, Transitioned to Established",0,0,0,0,0,,0,2018,< 23 hours,,21,,,,,<0.5m,,,,,,,,,,,,,,,,,,
Iceye,Finland,Iceye,Iceye-X16,51008,SAR,"+4, Transitioned to Established",0,0,0,0,0,,0,2018,< 23 hours,,22,,,,,<0.5m,,,,,,,,,,,,,,,,,,
Iceye,Finland,Iceye,Iceye-X18,52749,SAR,"+4, Transitioned to Established",0,0,0,0,0,,0,2018,< 23 hours,,23,,,,,<0.5m,,,,,,,,,,,,,,,,,,
Iceye,Finland,Iceye,Iceye-X24,52755,SAR,"+4, Transitioned to Established",0,0,0,0,0,,0,2018,< 23 hours,,24,,,,,<0.5m,,,,,,,,,,,,,,,,,,
BlackSky Technology Inc,US,Blacksky Global,,,EO,6,0.5m<=x<=1m,0.5m<=x<=1m,TBD,0,0,0.5m<=x<=1m,0,2018,< 60 minutes,,30,,,,,,,,,,,,,,,,,,,,,,,
CNSA,China,GeoFen HSI,,,HSI,1,0,5,10,0,0,,1,2018,<6 days,,TBD,5m<x<=30m,,400-2500,320,,,,,,,,,,,,,,,,,,,
Orbital Sidekick,US,Aurora,,,HSI,1,0,0,0,0,0,,0,2021,TBD,,1,5m<x<=30m,TBD,400-2500,450,,,,,,,,,,,,,,RF,,,,,
Hawkeye 360,US,Hawkeye,Hawk-2A,47505,RF,3,0,0,0,0,0,,0,2021,< 60 minutes,,60,,,,,,,,,,,,,,,,,,RF,,,,,
Hawkeye 360,US,Hawkeye,Hawk-2B,47508,RF,3,0,0,0,0,0,,0,2021,< 60 minutes,,60,,,,,,,,,,,,,,,,,,RF,,,,,
Hawkeye 360,US,Hawkeye,Hawk-2C,47502,RF,3,0,0,0,0,0,,0,2021,< 60 minutes,,60,,,,,,,,,,,,,,,,,,RF,,,,,
Hawkeye 360,US,Hawkeye,Hawk-3A,48957,RF,3,0,0,0,0,0,,0,2021,< 60 minutes,,60,,,,,,,,,,,,,,,,,,RF,,,,,
Hawkeye 360,US,Hawkeye,Hawk-3B,48931,RF,3,0,0,0,0,0,,0,2021,< 60 minutes,,60,,,,,,,,,,,,,,,,,,RF,,,,,
Hawkeye 360,US,Hawkeye,Hawk-3C,48948,RF,3,0,0,0,0,0,,0,2021,< 60 minutes,,60,,,,,,,,,,,,,,,,,,RF,,,,,
Hawkeye 360,US,Hawkeye,Hawk-4A,52167,RF,3,0,0,0,0,0,,0,2021,< 60 minutes,,60,,,,,,,,,,,,,,,,,,RF,,,,,
Hawkeye 360,US,Hawkeye,Hawk-4B,52165,RF,3,0,0,0,0,0,,0,2021,< 60 minutes,,60,,,,,,,,,,,,,,,,,,RF,,,,,
Hawkeye 360,US,Hawkeye,Hawk-4C,52170,RF,3,0,0,0,0,0,,0,2021,< 60 minutes,,60,,,,,,,,,,,,,,,,,,RF,,,,,
Hawkeye 360,US,Hawkeye,Hawk-A,43765,RF,3,0,0,0,0,0,,0,2021,< 60 minutes,,60,,,,,,,,,,,,,,,,,,RF,,,,,
Hawkeye 360,US,Hawkeye,Hawk-B,43794,RF,3,0,0,0,0,0,,0,2021,< 60 minutes,,60,,,,,,,,,,,,,,,,,,RF,,,,,
Hawkeye 360,US,Hawkeye,Hawk-C,43799,RF,3,0,0,0,0,0,,0,2021,< 60 minutes,,60,,,,,,,,,,,,,,,,,,RF,,,,,
Hawkeye 360,US,Hawkeye,Seahawk-1,43820,RF,3,0,0,0,0,0,,0,2021,< 60 minutes,,60,,,,,,,,,,,,,,,,,,RF,,,,,
Hawkeye 360,US,Hawkeye,Hawkeye,7325,RF,3,0,0,0,0,0,,0,2021,< 60 minutes,,60,,,,,,,,,,,,,,,,,,RF,,,,,
Hawkeye 360,US,Hawkeye,Hawk-5A,52757,RF,3,0,0,0,0,0,,0,2021,< 60 minutes,,60,,,,,,,,,,,,,,,,,,RF,,,,,
Hawkeye 360,US,Hawkeye,Hawk-5B,52756,RF,3,0,0,0,0,0,,0,2021,< 60 minutes,,60,,,,,,,,,,,,,,,,,,RF,,,,,
Hawkeye 360,US,Hawkeye,Hawk-5C,52754,RF,3,0,0,0,0,0,,0,2021,< 60 minutes,,60,,,,,,,,,,,,,,,,,,RF,,,,,
Hawkeye 360,US,Hawkeye,HawkSat,35004,RF,3,0,0,0,0,0,,0,2021,< 60 minutes,,60,,,,,,,,,,,,,,,,,,RF,,,,,
Kleos Space SA,Luxemburg,Kleos Constellation,,,RF,4,0,0,0,0,0,,0,2020,TBD,,80,,,,,,,,,,,,,,,,,,AIS/ADS-B,,,,,
Spire Global,US,Lemur,,,RF,6,0,0,0,0,0,,0,2015,< 60 minutes,,175,,,,,,,,,,,,,,,,,,,,,,,
SatRevolution,Poland,STORK,,,EO,2,0,5m<x<=30m,0,0,0,,0,2021,TBD,,14,,,,,,,,,,,,,,,,,,,,,,,
Alba Orbital,United Kingdom,Unicorn-2 Nightlights,,,EO,Discovered,0,5m<x<=30m,0,0,0,,0,2021,< 60 minutes,,TBD,,,,,,,,,,,,,,,,,,,,,,,
Orora Tech,Germany,Orora Tech,,,EO,Discovered,0,0,0,0,0,0,0,2021,< 60 minutes,,100,,,,,,,,,,,,,,,,,,,,,,,
Satrec,South Korea,SpaceEye-T,,,EO,Discovered,0,0,0,0,0,,0,0,,,,,,,,,,,,,,,,,,,,,,,,,,
Scanway,Poland,EagleEye,,,EO,Discovered,0,0.5m<=x<=1m,0,0,0,,0,2023,TBD,,1,,,,,,,,,,,,,,,,,,,,,,,
Virgin Orbit,US,Virgin Orbit Constellation,,,EO & SAR,Discovered,TBD,TBD,0,0,0,,1,2023,TBD,,TBD,,,,,,,,,TBD,,,,,,,,,,,,,,
Capella Space,US,Capella 36,Capella-5,48913,SAR,1,0,0,0,0,0,,0,2020,< 23 hours,,36,,,,,<0.5m,,,,,,,,,,,,,,,,,,
Capella Space,US,Capella 36,Capella-6,48605,SAR,1,0,0,0,0,0,,0,2020,< 23 hours,,37,,,,,<0.5m,,,,,,,,,,,,,,,,,,
Capella Space,US,Capella 36,Capella-7,51072,SAR,1,0,0,0,0,0,,0,2020,< 23 hours,,38,,,,,<0.5m,,,,,,,,,,,,,,,,,,
Capella Space,US,Capella 36,Capella-8,51071,SAR,1,0,0,0,0,0,,0,2020,< 23 hours,,39,,,,,<0.5m,,,,,,,,,,,,,,,,,,
Capella Space,US,Capella 36,Capella-2/Sequoia,46269,SAR,1,0,0,0,0,0,,0,2020,< 23 hours,,38,,,,,<0.5m,,,,,,,,,,,,,,,,,,
Capella Space,US,Capella 36,Capella-4,47481,SAR,1,0,0,0,0,0,,0,2020,< 23 hours,,39,,,,,<0.5m,,,,,,,,,,,,,,,,,,
Capella Space,US,Capella 36,Capella-3,47489,SAR,1,0,0,0,0,0,,0,2020,< 23 hours,,40,,,,,<0.5m,,,,,,,,,,,,,,,,,,
Umbra,US,Umbra-SAR 2001,,,SAR,1,0,0,0,0,0,,0,2021,< 23 hours,,24,,,,,<0.5m,,,,,,,,,,,,,,,,,,
CETC,China,Tianxian,,,SAR,Discovered,0,0,0,0,0,,0,2022,TBD,,96,,,,,TBD,TBD,,,,,,,,,,,,,,,,,
ImageSat International (ISI),Israel,EROSAR,,,SAR,Discovered,0,0,0,0,0,,0,TBD,TBD,,2,,,,,,,,,TBD,,,,,,,,,,,,,,
PIESat,China,PIESat SAR,,,SAR,Discovered,0,0,0,0,0,,0,TBD,TBD,,4,,,,,,,,,TBD,,,,,,,,,,,,,,
Shaanxi Zhixing Space Technology,China,Zhixing,,,SAR,Discovered,0,0,0,0,0,,0,2020,< 23 hours,,12,,,,,TBD,,,,,,,,,,,,,RF,,,,,
Unseen Labs,France,Bro,,,RF,1,0,0,0,0,0,,0,2019,< 60 minutes,,25,,,,,,,,,,,,,,,,,,RF,,,,,
Ningzia,China,Jingui,,,RF,5,0,0,0,0,0,,0,2019,TBD,,30,,,,,,,,,,,,,,,,,,ADS-B,,,,,
Startical,Spain,Startical,,,RF,Discovered,0,0,0,0,0,,0,2022,TBD,,200,,,,,,,,,,,,,,,,,,,TBD,TBD,TBD,TBD,TBD
Astroscale,Japan,ADRAS-J,,,SSA,Discovered,0,0,0,0,0,,0,2023,TBD,,TBD,,,,,,,,,,,,,,,,,,,TBD,TBD,TBD,TBD,TBD
Digantara,India,Digantara,,,SSA,Discovered,0,0,0,0,0,,0,TBD,TBD,,TBD,,,,,,,,,,,,,,,,,,,,,,,
BlackSky Technology Inc.,US,Pathfinder,,,EO,Operating Status Change,0,0.5m<=x<=1m,0,0,0,,0,2016,TBD,,1,,,,,,,,,,,,,,,,,,,,,,,
Hera Systems,US,1HOPSat TD,,,EO,Operating Status Change,0,0.5m<=x<=1m,0,0,0,0.5m<=x<=1m,0,TBD,< 60 minutes,,50,,,,,,,,,,,,,,,,,,,,,,,
Capella Space,US,Capella Denali,Capella-1/Denali,43791,SAR,Operating Status Change,0,0,0,0,0,,0,2018,TBD,,1,,,,,0.5m<=x<=1m,,,,,,,,,,,,,RF,,,,,
Hawkeye 360,US,Pathfinder,M2 Pathfinder,45727,RF,Operating Status Change,0,0,0,0,0,,0,2018,TBD,,3,,,,,,,,,,,,,,,,,,,,,,,
Hawkeye 360,US,Pathfinder,Pathfinder 1,41787,RF,Operating Status Change,0,0,0,0,0,,0,2018,TBD,,3,,,,,,,,,,,,,,,,,,,,,,,
Hawkeye 360,US,Pathfinder,Calipso,29108,RF,Operating Status Change,0,0,0,0,0,,0,2018,TBD,,3,,,,,,,,,,,,,,,,,,,,,,,
Hawkeye 360,US,Pathfinder,Altair Pathfinder,42711,RF,Operating Status Change,0,0,0,0,0,,0,2018,TBD,,3,,,,,,,,,,,,,,,,,,,,,,,
Hawkeye 360,US,Pathfinder,Sirion Pathfinder-2,43759,RF,Operating Status Change,0,0,0,0,0,,0,2018,TBD,,3,,,,,,,,,,,,,,,,,,,,,,,
Hawkeye 360,US,Pathfinder,Tropics Pathfinder,48901,RF,Operating Status Change,0,0,0,0,0,,0,2018,TBD,,3,,,,,,,,,,,,,,,,,,,,,,,
Orbital Effects (R2 Space),US,XR,,,SAR,,,,,,,,0,2021,< 23 hours,,8,,,,,<0.5m,,,,,,,,,,,,,,,,,,
EOS,US,EOS SAR,,,SAR,,,,,,,,0,2022,< 23 hours,,12,,,,,<0.5m,,<0.5m,,,,,,,,,,,,,,,,
XpressSAR,US,XpressSAR,,,SAR,,,,,,,,0,2023,< 23 hours,,4,,,,,<0.5m,,,,,,,,,,,,,,,,,,
Airbus US,US,NeoSAR/HybridSAR,,,SAR,,,,,,,,0,2024,TBD,,2,,,,,<0.5m,,,,,,,,,,,,,,,,,,
Airbus,France,HRWS-SAR,,,SAR,,,,,,,,0,2025,TBD,,4,,,,,<0.5m,,,,,,,,,,,,,,,,,,
Trident Space,US,Trident Space,,,SAR,,,,,,,,0,TBD,< 60 minutes,,48,,,,,<0.5m,,,,,,,,,,,,,,,,,,
Airbus,France,Terra SAR-X NEO,,,SAR,,,,,,,,0,2025,TBD,,4,,,,,<0.5m,,,,TBD,,,,,,,,,,,,,,
Alpha Insights (Urthecast),Canada,SAR-XL,,,SAR,,,,,,,,1,2022,< 23 hours,,8,,,,,<0.5m,,,1m<x<=5m,,,,,,,,,,,,,,,
Zhuhai,China,Zhuhai OSS,,,SAR,,,,,,,,0,2020,TBD,,2,,,,,,,,,0.5m<=x<=1m,,,,,,,,,,,,,,
iQPS,Japan,QPS-SAR,,,SAR,,,,,,,,0,2019,< 60 minutes,,36,,,,,,,,,0.5m<=x<=1m,,,,,,,,,,,,,,
ST Engineering,Singapore,NeuSAR,,,SAR,,,,,,,,0,2022,< 23 hours,,6,,,,,,,,,0.5m<=x<=1m,,,,,,,,,,,,,,
ST Engineering,Singapore,TeLEOS 2,,,SAR,,,,,,,,0,2021,TBD,,1,,,,,,,,,0.5m<=x<=1m,4-115,30-80,1250,,,1195-1690,3700-4950,7500-13500,,,,,,
Chang Guang,China,Jilin-1 Spectrum,,,HSI,,,4-115,30-80,1250,6000,,0,2019,<6 days,450-1040,TBD,1m<x<=5m,,,25,,,,,,,,,6000,450-1040,,,,,,,,,
SI Imaging Services,South Korea,KOMPSAT Optical,,,EO,,<0.5m,0.5<=x<=1m,,1m<x<=5m,,,0,2006,<24 hours,,4,,,,,,,,,,,,,,,,,,,,,,,
Maxar (DigitalGlobe),US,Worldview,,,EO,,<0.5m,1m<x<=5m,1m<x<=5m,,,,0,2007,<24 hours,,4,,,,,,,,,,,,,,,,,,,,,,,
ImageSat,Israel,EROS,,,EO,,<0.5m,0.5m<=x<=1m,,,,,0,2006,<24 hours,,3,,,,,,,,,,,,,,,,,,,,,,,
Planet,US,SkySat,SkySat-1,39418,EO,,0.5m<=x<=1m,0.5m<=x<=1m,,,,0.5m<=x<=1m,0,2013,<23 hours,,21,,,,,,,,,,,,,,,,,,,,,,,
Planet,US,SkySat,SkySat-2,40072,EO,,0.5m<=x<=1m,0.5m<=x<=1m,,,,0.5m<=x<=1m,0,2013,<23 hours,,22,,,,,,,,,,,,,,,,,,,,,,,
Planet,US,SkySat,SkySat-3,41601,EO,,0.5m<=x<=1m,0.5m<=x<=1m,,,,0.5m<=x<=1m,0,2013,<23 hours,,23,,,,,,,,,,,,,,,,,,,,,,,
Planet,US,SkySat,SkySat-4,41773,EO,,0.5m<=x<=1m,0.5m<=x<=1m,,,,0.5m<=x<=1m,0,2013,<23 hours,,24,,,,,,,,,,,,,,,,,,,,,,,
Planet,US,SkySat,SkySat-5,41774,EO,,0.5m<=x<=1m,0.5m<=x<=1m,,,,0.5m<=x<=1m,0,2013,<23 hours,,25,,,,,,,,,,,,,,,,,,,,,,,
Planet,US,SkySat,SkySat-6,41771,EO,,0.5m<=x<=1m,0.5m<=x<=1m,,,,0.5m<=x<=1m,0,2013,<23 hours,,26,,,,,,,,,,,,,,,,,,,,,,,
Planet,US,SkySat,SkySat-7,41772,EO,,0.5m<=x<=1m,0.5m<=x<=1m,,,,0.5m<=x<=1m,0,2013,<23 hours,,27,,,,,,,,,,,,,,,,,,,,,,,
Planet,US,SkySat,SkySat-8,42992,EO,,0.5m<=x<=1m,0.5m<=x<=1m,,,,0.5m<=x<=1m,0,2013,<23 hours,,28,,,,,,,,,,,,,,,,,,,,,,,
Planet,US,SkySat,SkySat-9,42991,EO,,0.5m<=x<=1m,0.5m<=x<=1m,,,,0.5m<=x<=1m,0,2013,<23 hours,,29,,,,,,,,,,,,,,,,,,,,,,,
Planet,US,SkySat,SkySat-10,42990,EO,,0.5m<=x<=1m,0.5m<=x<=1m,,,,0.5m<=x<=1m,0,2013,<23 hours,,30,,,,,,,,,,,,,,,,,,,,,,,
Planet,US,SkySat,SkySat-11,42989,EO,,0.5m<=x<=1m,0.5m<=x<=1m,,,,0.5m<=x<=1m,0,2013,<23 hours,,31,,,,,,,,,,,,,,,,,,,,,,,
Planet,US,SkySat,SkySat-12,42988,EO,,0.5m<=x<=1m,0.5m<=x<=1m,,,,0.5m<=x<=1m,0,2013,<23 hours,,32,,,,,,,,,,,,,,,,,,,,,,,
Planet,US,SkySat,SkySat-13,42987,EO,,0.5m<=x<=1m,0.5m<=x<=1m,,,,0.5m<=x<=1m,0,2013,<23 hours,,33,,,,,,,,,,,,,,,,,,,,,,,
Planet,US,SkySat,SkySat-14,43797,EO,,0.5m<=x<=1m,0.5m<=x<=1m,,,,0.5m<=x<=1m,0,2013,<23 hours,,34,,,,,,,,,,,,,,,,,,,,,,,
Planet,US,SkySat,SkySat-15,43802,EO,,0.5m<=x<=1m,0.5m<=x<=1m,,,,0.5m<=x<=1m,0,2013,<23 hours,,35,,,,,,,,,,,,,,,,,,,,,,,
Planet,US,SkySat,SkySat-16,45788,EO,,0.5m<=x<=1m,0.5m<=x<=1m,,,,0.5m<=x<=1m,0,2013,<23 hours,,36,,,,,,,,,,,,,,,,,,,,,,,
Planet,US,SkySat,SkySat-17,45790,EO,,0.5m<=x<=1m,0.5m<=x<=1m,,,,0.5m<=x<=1m,0,2013,<23 hours,,37,,,,,,,,,,,,,,,,,,,,,,,
Planet,US,SkySat,SkySat-18,45789,EO,,0.5m<=x<=1m,0.5m<=x<=1m,,,,0.5m<=x<=1m,0,2013,<23 hours,,38,,,,,,,,,,,,,,,,,,,,,,,
Planet,US,SkySat,SkySat-19,46179,EO,,0.5m<=x<=1m,0.5m<=x<=1m,,,,0.5m<=x<=1m,0,2013,<23 hours,,39,,,,,,,,,,,,,,,,,,,,,,,
Planet,US,SkySat,SkySat-20,46180,EO,,0.5m<=x<=1m,0.5m<=x<=1m,,,,0.5m<=x<=1m,0,2013,<23 hours,,40,,,,,,,,,,,,,,,,,,,,,,,
Planet,US,SkySat,SkySat-21,46235,EO,,0.5m<=x<=1m,0.5m<=x<=1m,,,,0.5m<=x<=1m,0,2013,<23 hours,,41,,,,,,,,,,,,,,,,,,,,,,,
